News title,FB comment,Sentiment
"‡∏ò‡∏≠‡∏™.‡∏õ‡∏•‡πà‡∏≠‡∏¢‡∏™‡∏¥‡∏ô‡πÄ‡∏ä‡∏∑‡πà‡∏≠‡∏Ñ‡∏ô‡∏≠‡∏¢‡∏≤‡∏Å‡∏°‡∏µ‡∏ö‡πâ‡∏≤‡∏ô ‡∏ú‡πà‡∏≠‡∏ô‡∏ô‡∏≤‡∏ô‡∏™‡∏∏‡∏î 40 ‡∏õ‡∏µ ‡πÄ‡∏î‡∏∑‡∏≠‡∏ô‡∏•‡∏∞ 2,600",‡∏ú‡πà‡∏≠‡∏ô‡∏ö‡πâ‡∏≤‡∏ô‡∏î‡∏≠‡∏Å‡πÄ‡∏ö‡∏µ‡πâ‡∏¢‡πÅ‡∏û‡∏á‡∏°‡∏≤‡∏Å..,neg
"‡∏ò‡∏≠‡∏™.‡∏õ‡∏•‡πà‡∏≠‡∏¢‡∏™‡∏¥‡∏ô‡πÄ‡∏ä‡∏∑‡πà‡∏≠‡∏Ñ‡∏ô‡∏≠‡∏¢‡∏≤‡∏Å‡∏°‡∏µ‡∏ö‡πâ‡∏≤‡∏ô ‡∏ú‡πà‡∏≠‡∏ô‡∏ô‡∏≤‡∏ô‡∏™‡∏∏‡∏î 40 ‡∏õ‡∏µ ‡πÄ‡∏î‡∏∑‡∏≠‡∏ô‡∏•‡∏∞ 2,600",‡πÄ‡∏î‡∏¥‡∏ô‡πÄ‡∏£‡∏∑‡πà‡∏≠‡∏á‡∏¢‡∏≤‡∏Å‡∏°‡∏±‡πâ‡∏¢,q
"‡∏ò‡∏≠‡∏™.‡∏õ‡∏•‡πà‡∏≠‡∏¢‡∏™‡∏¥‡∏ô‡πÄ‡∏ä‡∏∑‡πà‡∏≠‡∏Ñ‡∏ô‡∏≠‡∏¢‡∏≤‡∏Å‡∏°‡∏µ‡∏ö‡πâ‡∏≤‡∏ô ‡∏ú‡πà‡∏≠‡∏ô‡∏ô‡∏≤‡∏ô‡∏™‡∏∏‡∏î 40 ‡∏õ‡∏µ ‡πÄ‡∏î‡∏∑‡∏≠‡∏ô‡∏•‡∏∞ 2,600",‡∏õ‡∏ß‡∏î‡∏´‡∏±‡∏ß‡∏Ñ‡∏£‡∏±‡∏ö‡∏ú‡πà‡∏≠‡∏ô‡∏ö‡πâ‡∏≤‡∏ô‡∏ô‡∏≤‡∏ô‡∏°‡∏≤12‡∏õ‡∏µ‡∏Å‡∏±‡∏ö‡∏ò.‡∏≠.‡∏™.‡πÄ‡∏´‡∏•‡∏∑‡∏≠‡πÄ‡∏á‡∏¥‡∏ô‡∏ï‡πâ‡∏ô‡∏≠‡∏µ‡∏Å319.894‡∏ö‡∏≤‡∏ó‡∏ö‡πâ‡∏≤‡∏ô‡∏ú‡∏°‡πÇ‡∏î‡∏ô‡∏¢‡∏∂‡∏î‡∏Ç‡∏≤‡∏¢‡∏ó‡∏≠‡∏î‡∏ï‡∏•‡∏≤‡∏î‡∏ó‡∏µ‡πà‡∏Å‡∏£‡∏°‡∏ö‡∏±‡∏á‡∏Ñ‡∏î‡∏µ ‡∏à.‡∏™‡∏°‡∏∏‡∏ó‡∏£‡∏õ‡∏£‡∏≤‡∏Å‡∏≤‡∏£‡∏ó‡∏≤‡∏ß‡∏ô‡πå‡πÄ‡∏Æ‡πâ‡∏≤‡∏™‡πå‡∏™‡πà‡∏á‡∏ï‡∏£‡∏á‡∏Å‡∏±‡∏ö‡πÅ‡∏ö‡∏á‡∏Ñ‡πå‡∏ò‡∏≤‡∏ô‡∏≤‡∏Ñ‡∏≤‡∏£‡∏™‡∏á‡πÄ‡∏Ñ‡∏£‡∏≤‡∏∞‡∏´‡πå‡πÇ‡∏î‡∏ô‡∏ü‡πâ‡∏≠‡∏á‡∏Ç‡∏±‡∏ö‡πÑ‡∏•‡πà‡∏≠‡∏µ‡∏Å  ,neg
"‡∏ò‡∏≠‡∏™.‡∏õ‡∏•‡πà‡∏≠‡∏¢‡∏™‡∏¥‡∏ô‡πÄ‡∏ä‡∏∑‡πà‡∏≠‡∏Ñ‡∏ô‡∏≠‡∏¢‡∏≤‡∏Å‡∏°‡∏µ‡∏ö‡πâ‡∏≤‡∏ô ‡∏ú‡πà‡∏≠‡∏ô‡∏ô‡∏≤‡∏ô‡∏™‡∏∏‡∏î 40 ‡∏õ‡∏µ ‡πÄ‡∏î‡∏∑‡∏≠‡∏ô‡∏•‡∏∞ 2,600",‡πÄ‡∏£‡∏¥‡πà‡∏°‡∏ú‡πà‡∏≠‡∏ô‡∏ï‡∏±‡πâ‡∏á‡∏õ‡∏µ2550  ,neu
"‡∏ò‡∏≠‡∏™.‡∏õ‡∏•‡πà‡∏≠‡∏¢‡∏™‡∏¥‡∏ô‡πÄ‡∏ä‡∏∑‡πà‡∏≠‡∏Ñ‡∏ô‡∏≠‡∏¢‡∏≤‡∏Å‡∏°‡∏µ‡∏ö‡πâ‡∏≤‡∏ô ‡∏ú‡πà‡∏≠‡∏ô‡∏ô‡∏≤‡∏ô‡∏™‡∏∏‡∏î 40 ‡∏õ‡∏µ ‡πÄ‡∏î‡∏∑‡∏≠‡∏ô‡∏•‡∏∞ 2,600",‡πÉ‡∏ö‡∏á‡∏ß‡∏î‡∏™‡∏∏‡∏î‡∏ó‡πâ‡∏≤‡∏¢‡∏ó‡∏µ‡πà‡∏à‡πà‡∏≤‡∏¢‡πÉ‡∏´‡πâ‡∏Å‡∏±‡∏ö‡∏ò.‡∏≠.‡∏™.‡∏™‡∏≤‡∏Ç‡∏≤‡πÄ‡∏Å‡πâ‡∏≤‡πÅ‡∏™‡∏ô ‡∏à.‡∏™‡∏°‡∏∏‡∏ó‡∏£‡∏õ‡∏£‡∏≤‡∏Å‡∏≤‡∏£  ,neu
"‡∏ò‡∏≠‡∏™.‡∏õ‡∏•‡πà‡∏≠‡∏¢‡∏™‡∏¥‡∏ô‡πÄ‡∏ä‡∏∑‡πà‡∏≠‡∏Ñ‡∏ô‡∏≠‡∏¢‡∏≤‡∏Å‡∏°‡∏µ‡∏ö‡πâ‡∏≤‡∏ô ‡∏ú‡πà‡∏≠‡∏ô‡∏ô‡∏≤‡∏ô‡∏™‡∏∏‡∏î 40 ‡∏õ‡∏µ ‡πÄ‡∏î‡∏∑‡∏≠‡∏ô‡∏•‡∏∞ 2,600",‡∏ñ‡πâ‡∏≤‡∏à‡∏∞‡∏ä‡πà‡∏ß‡∏¢‡∏Å‡∏±‡∏ô‡∏à‡∏£‡∏¥‡∏á‡πÜ ‡∏ô‡πà‡∏≤‡∏à‡∏∞‡∏õ‡∏•‡∏≠‡∏î‡∏î‡∏≠‡∏Å‡πÄ‡∏ö‡∏µ‡πâ‡∏¢‡∏ä‡πà‡∏ß‡∏á 3 ‡∏õ‡∏µ‡πÅ‡∏£‡∏Å‡∏Å‡πà‡∏≠‡∏ô ‡πÅ‡∏•‡πâ‡∏ß‡∏Ñ‡πà‡∏≠‡∏¢‡πÑ‡∏õ‡πÄ‡∏£‡∏¥‡πà‡∏°‡πÄ‡∏Å‡πá‡∏ö‡∏î‡∏≠‡∏Å‡πÄ‡∏ö‡∏µ‡πâ‡∏¢‡∏õ‡∏µ‡∏ó‡∏µ‡πà 4 ‡πÄ‡∏´‡πá‡∏ô‡∏î‡∏≠‡∏Å‡πÄ‡∏ö‡∏µ‡πâ‡∏¢‡∏ä‡πà‡∏ß‡∏á‡πÅ‡∏£‡∏Å‡πÅ‡∏•‡πâ‡∏ß‡∏ó‡πâ‡∏≠ ‡∏ï‡πâ‡∏ô‡πÅ‡∏ó‡∏ö‡πÑ‡∏°‡πà‡∏•‡∏î‡πÄ‡∏•‡∏¢,neg
"‡∏ò‡∏≠‡∏™.‡∏õ‡∏•‡πà‡∏≠‡∏¢‡∏™‡∏¥‡∏ô‡πÄ‡∏ä‡∏∑‡πà‡∏≠‡∏Ñ‡∏ô‡∏≠‡∏¢‡∏≤‡∏Å‡∏°‡∏µ‡∏ö‡πâ‡∏≤‡∏ô ‡∏ú‡πà‡∏≠‡∏ô‡∏ô‡∏≤‡∏ô‡∏™‡∏∏‡∏î 40 ‡∏õ‡∏µ ‡πÄ‡∏î‡∏∑‡∏≠‡∏ô‡∏•‡∏∞ 2,600",‡∏¢‡πâ‡∏≤‡∏¢‡πÅ‡∏ö‡∏á‡∏Ñ‡πå ‡πÑ‡∏î‡πâ‡πÑ‡∏´‡∏°,q
"‡∏ò‡∏≠‡∏™.‡∏õ‡∏•‡πà‡∏≠‡∏¢‡∏™‡∏¥‡∏ô‡πÄ‡∏ä‡∏∑‡πà‡∏≠‡∏Ñ‡∏ô‡∏≠‡∏¢‡∏≤‡∏Å‡∏°‡∏µ‡∏ö‡πâ‡∏≤‡∏ô ‡∏ú‡πà‡∏≠‡∏ô‡∏ô‡∏≤‡∏ô‡∏™‡∏∏‡∏î 40 ‡∏õ‡∏µ ‡πÄ‡∏î‡∏∑‡∏≠‡∏ô‡∏•‡∏∞ 2,600",ü´£ü´£,neu
"‡∏ò‡∏≠‡∏™.‡∏õ‡∏•‡πà‡∏≠‡∏¢‡∏™‡∏¥‡∏ô‡πÄ‡∏ä‡∏∑‡πà‡∏≠‡∏Ñ‡∏ô‡∏≠‡∏¢‡∏≤‡∏Å‡∏°‡∏µ‡∏ö‡πâ‡∏≤‡∏ô ‡∏ú‡πà‡∏≠‡∏ô‡∏ô‡∏≤‡∏ô‡∏™‡∏∏‡∏î 40 ‡∏õ‡∏µ ‡πÄ‡∏î‡∏∑‡∏≠‡∏ô‡∏•‡∏∞ 2,600",‡∏°‡∏µ‡πÅ‡∏ñ‡∏ß‡πÑ‡∏´‡∏ô‡∏ö‡πâ‡∏≤‡∏á‡∏Ñ‡πà‡∏∞,q
"‡∏ò‡∏≠‡∏™.‡∏õ‡∏•‡πà‡∏≠‡∏¢‡∏™‡∏¥‡∏ô‡πÄ‡∏ä‡∏∑‡πà‡∏≠‡∏Ñ‡∏ô‡∏≠‡∏¢‡∏≤‡∏Å‡∏°‡∏µ‡∏ö‡πâ‡∏≤‡∏ô ‡∏ú‡πà‡∏≠‡∏ô‡∏ô‡∏≤‡∏ô‡∏™‡∏∏‡∏î 40 ‡∏õ‡∏µ ‡πÄ‡∏î‡∏∑‡∏≠‡∏ô‡∏•‡∏∞ 2,600",‡∏£‡∏≠‡∏°‡∏≤2‡πÄ‡∏î‡∏∑‡∏≠‡∏ô‡πÅ‡∏•‡πâ‡∏ß‡∏Ñ‡∏£‡∏±‡∏ö,neu
"‡∏ò‡∏≠‡∏™.‡∏õ‡∏•‡πà‡∏≠‡∏¢‡∏™‡∏¥‡∏ô‡πÄ‡∏ä‡∏∑‡πà‡∏≠‡∏Ñ‡∏ô‡∏≠‡∏¢‡∏≤‡∏Å‡∏°‡∏µ‡∏ö‡πâ‡∏≤‡∏ô ‡∏ú‡πà‡∏≠‡∏ô‡∏ô‡∏≤‡∏ô‡∏™‡∏∏‡∏î 40 ‡∏õ‡∏µ ‡πÄ‡∏î‡∏∑‡∏≠‡∏ô‡∏•‡∏∞ 2,600",‡∏´‡∏±‡∏ß‡∏´‡∏¥‡∏ô‡∏°‡∏µ‡∏°‡∏±‡πâ‡∏¢‡∏Ñ‡∏∞,q
"‡∏ò‡∏≠‡∏™.‡∏õ‡∏•‡πà‡∏≠‡∏¢‡∏™‡∏¥‡∏ô‡πÄ‡∏ä‡∏∑‡πà‡∏≠‡∏Ñ‡∏ô‡∏≠‡∏¢‡∏≤‡∏Å‡∏°‡∏µ‡∏ö‡πâ‡∏≤‡∏ô ‡∏ú‡πà‡∏≠‡∏ô‡∏ô‡∏≤‡∏ô‡∏™‡∏∏‡∏î 40 ‡∏õ‡∏µ ‡πÄ‡∏î‡∏∑‡∏≠‡∏ô‡∏•‡∏∞ 2,600",‡πÅ‡∏î‡∏á,neu
"‡∏ò‡∏≠‡∏™.‡∏õ‡∏•‡πà‡∏≠‡∏¢‡∏™‡∏¥‡∏ô‡πÄ‡∏ä‡∏∑‡πà‡∏≠‡∏Ñ‡∏ô‡∏≠‡∏¢‡∏≤‡∏Å‡∏°‡∏µ‡∏ö‡πâ‡∏≤‡∏ô ‡∏ú‡πà‡∏≠‡∏ô‡∏ô‡∏≤‡∏ô‡∏™‡∏∏‡∏î 40 ‡∏õ‡∏µ ‡πÄ‡∏î‡∏∑‡∏≠‡∏ô‡∏•‡∏∞ 2,600",‡∏Å‡∏π‡πâ‡∏ï‡πà‡∏≠‡πÄ‡∏ï‡∏¥‡∏°‡∏ö‡πâ‡∏≤‡∏ô‡πÑ‡∏î‡πâ‡πÑ‡∏´‡∏°‡∏Ñ‡∏∞,q
‡∏õ‡∏£‡∏∞‡∏Å‡∏≤‡∏®‡πÅ‡∏•‡πâ‡∏ß! ‡∏Ñ‡∏∏‡∏°‡∏™‡∏±‡∏ç‡∏ç‡∏≤‡∏´‡πâ‡∏≠‡∏á‡πÄ‡∏ä‡πà‡∏≤‡∏´‡πâ‡∏≤‡∏°‡πÄ‡∏Å‡πá‡∏ö‡∏Ñ‡πà‡∏≤‡∏ô‡πâ‡∏≥‡πÑ‡∏ü‡πÄ‡∏Å‡∏¥‡∏ô‡∏à‡∏£‡∏¥‡∏á ‡πÄ‡∏ä‡πá‡∏Å‡∏™‡∏π‡∏ï‡∏£,‡∏Ñ‡πà‡∏≤‡πÑ‡∏ü‡∏´‡πâ‡∏≠‡∏á‡πÄ‡∏ä‡πà‡∏≤‡∏ú‡∏°‡∏´‡∏ô‡πà‡∏ß‡∏¢‡∏•‡∏∞ 12 ‡∏ö‡∏≤‡∏ó‡πÉ‡∏´‡πâ‡∏´‡∏ô‡πà‡∏ß‡∏¢‡∏á‡∏≤‡∏ô‡∏°‡∏≤‡∏ï‡∏£‡∏ß‡∏à‡∏™‡∏≠‡∏ö‡∏î‡πà‡∏ß‡∏ô,neg
‡∏õ‡∏£‡∏∞‡∏Å‡∏≤‡∏®‡πÅ‡∏•‡πâ‡∏ß! ‡∏Ñ‡∏∏‡∏°‡∏™‡∏±‡∏ç‡∏ç‡∏≤‡∏´‡πâ‡∏≠‡∏á‡πÄ‡∏ä‡πà‡∏≤‡∏´‡πâ‡∏≤‡∏°‡πÄ‡∏Å‡πá‡∏ö‡∏Ñ‡πà‡∏≤‡∏ô‡πâ‡∏≥‡πÑ‡∏ü‡πÄ‡∏Å‡∏¥‡∏ô‡∏à‡∏£‡∏¥‡∏á ‡πÄ‡∏ä‡πá‡∏Å‡∏™‡∏π‡∏ï‡∏£,‡∏õ‡∏£‡∏∞‡∏Å‡∏≤‡∏®‡∏≠‡∏¢‡πà‡∏≤‡∏á‡πÄ‡∏î‡∏µ‡∏¢‡∏ß‡πÑ‡∏°‡πà‡πÑ‡∏î‡πâ ‡∏ï‡πâ‡∏≠‡∏á‡∏•‡∏á‡∏û‡∏∑‡πâ‡∏ô‡∏ó‡∏µ‡πà‡∏î‡πâ‡∏ß‡∏¢,neg
‡∏õ‡∏£‡∏∞‡∏Å‡∏≤‡∏®‡πÅ‡∏•‡πâ‡∏ß! ‡∏Ñ‡∏∏‡∏°‡∏™‡∏±‡∏ç‡∏ç‡∏≤‡∏´‡πâ‡∏≠‡∏á‡πÄ‡∏ä‡πà‡∏≤‡∏´‡πâ‡∏≤‡∏°‡πÄ‡∏Å‡πá‡∏ö‡∏Ñ‡πà‡∏≤‡∏ô‡πâ‡∏≥‡πÑ‡∏ü‡πÄ‡∏Å‡∏¥‡∏ô‡∏à‡∏£‡∏¥‡∏á ‡πÄ‡∏ä‡πá‡∏Å‡∏™‡∏π‡∏ï‡∏£,‡∏≠‡∏¢‡πà‡∏≤‡∏á‡πÄ‡∏õ‡πá‡∏ô‡πÅ‡∏Ñ‡πà‡πÄ‡∏™‡∏∑‡∏≠‡∏Å‡∏£‡∏∞‡∏î‡∏≤‡∏©‡∏≠‡∏≠‡∏Å‡∏ï‡∏£‡∏ß‡∏à‡∏™‡∏≠‡∏ö‡∏î‡πâ‡∏ß‡∏¢,neg
‡∏õ‡∏£‡∏∞‡∏Å‡∏≤‡∏®‡πÅ‡∏•‡πâ‡∏ß! ‡∏Ñ‡∏∏‡∏°‡∏™‡∏±‡∏ç‡∏ç‡∏≤‡∏´‡πâ‡∏≠‡∏á‡πÄ‡∏ä‡πà‡∏≤‡∏´‡πâ‡∏≤‡∏°‡πÄ‡∏Å‡πá‡∏ö‡∏Ñ‡πà‡∏≤‡∏ô‡πâ‡∏≥‡πÑ‡∏ü‡πÄ‡∏Å‡∏¥‡∏ô‡∏à‡∏£‡∏¥‡∏á ‡πÄ‡∏ä‡πá‡∏Å‡∏™‡∏π‡∏ï‡∏£,‡πÄ‡∏ä‡πà‡∏≤‡πÄ‡∏Ç‡∏≤‡∏≠‡∏¢‡∏π‡πà‡∏Ñ‡πà‡∏≤‡∏ô‡πâ‡∏≥‡πÑ‡∏ü‡πÅ‡∏û‡∏á‡∏°‡∏≤‡∏Å‡πÄ‡∏•‡∏¢‡πÄ‡∏à‡πâ‡∏≤‡∏Ç‡∏≠‡∏á‡πÄ‡∏≠‡∏≤‡∏à‡∏ô‡∏£‡∏ß‡∏¢‡∏Å‡πá‡∏ï‡πâ‡∏≠‡∏á‡∏ó‡∏≥‡πÉ‡∏à,neg
‡∏õ‡∏£‡∏∞‡∏Å‡∏≤‡∏®‡πÅ‡∏•‡πâ‡∏ß! ‡∏Ñ‡∏∏‡∏°‡∏™‡∏±‡∏ç‡∏ç‡∏≤‡∏´‡πâ‡∏≠‡∏á‡πÄ‡∏ä‡πà‡∏≤‡∏´‡πâ‡∏≤‡∏°‡πÄ‡∏Å‡πá‡∏ö‡∏Ñ‡πà‡∏≤‡∏ô‡πâ‡∏≥‡πÑ‡∏ü‡πÄ‡∏Å‡∏¥‡∏ô‡∏à‡∏£‡∏¥‡∏á ‡πÄ‡∏ä‡πá‡∏Å‡∏™‡∏π‡∏ï‡∏£,‡πÄ‡∏´‡πá‡∏ô‡∏î‡πâ‡∏ß‡∏¢,pos
‡∏õ‡∏£‡∏∞‡∏Å‡∏≤‡∏®‡πÅ‡∏•‡πâ‡∏ß! ‡∏Ñ‡∏∏‡∏°‡∏™‡∏±‡∏ç‡∏ç‡∏≤‡∏´‡πâ‡∏≠‡∏á‡πÄ‡∏ä‡πà‡∏≤‡∏´‡πâ‡∏≤‡∏°‡πÄ‡∏Å‡πá‡∏ö‡∏Ñ‡πà‡∏≤‡∏ô‡πâ‡∏≥‡πÑ‡∏ü‡πÄ‡∏Å‡∏¥‡∏ô‡∏à‡∏£‡∏¥‡∏á ‡πÄ‡∏ä‡πá‡∏Å‡∏™‡∏π‡∏ï‡∏£,‡πÄ‡∏™‡∏∑‡∏≠‡∏Å‡∏£‡∏∞‡∏î‡∏≤‡∏©,neg
‡∏õ‡∏£‡∏∞‡∏Å‡∏≤‡∏®‡πÅ‡∏•‡πâ‡∏ß! ‡∏Ñ‡∏∏‡∏°‡∏™‡∏±‡∏ç‡∏ç‡∏≤‡∏´‡πâ‡∏≠‡∏á‡πÄ‡∏ä‡πà‡∏≤‡∏´‡πâ‡∏≤‡∏°‡πÄ‡∏Å‡πá‡∏ö‡∏Ñ‡πà‡∏≤‡∏ô‡πâ‡∏≥‡πÑ‡∏ü‡πÄ‡∏Å‡∏¥‡∏ô‡∏à‡∏£‡∏¥‡∏á ‡πÄ‡∏ä‡πá‡∏Å‡∏™‡∏π‡∏ï‡∏£,‡∏ô‡πà‡∏≤‡∏à‡∏∞‡∏Ñ‡∏∏‡∏°‡πÉ‡∏´‡πâ‡πÄ‡∏Å‡πá‡∏ö‡∏ï‡∏≤‡∏°‡πÑ‡∏ü‡∏´‡∏•‡∏ß‡∏á.. ‡πÑ‡∏õ‡πÄ‡∏ä‡πà‡∏≤‡∏´‡πâ‡∏≠‡∏á‡πÄ‡∏à‡∏≠‡∏Ñ‡πà‡∏≤‡πÑ‡∏ü‡∏´‡∏ô‡πà‡∏ß‡∏¢‡∏•‡∏∞8‡∏ö‡∏≤‡∏ó‡∏´‡∏ô‡∏±‡∏Å‡πÄ‡∏≠‡∏≤‡∏Å‡∏≤‡∏£‡∏≠‡∏¢‡∏π‡πà‡∏Ñ‡πà‡∏∞,neg
‡∏õ‡∏£‡∏∞‡∏Å‡∏≤‡∏®‡πÅ‡∏•‡πâ‡∏ß! ‡∏Ñ‡∏∏‡∏°‡∏™‡∏±‡∏ç‡∏ç‡∏≤‡∏´‡πâ‡∏≠‡∏á‡πÄ‡∏ä‡πà‡∏≤‡∏´‡πâ‡∏≤‡∏°‡πÄ‡∏Å‡πá‡∏ö‡∏Ñ‡πà‡∏≤‡∏ô‡πâ‡∏≥‡πÑ‡∏ü‡πÄ‡∏Å‡∏¥‡∏ô‡∏à‡∏£‡∏¥‡∏á ‡πÄ‡∏ä‡πá‡∏Å‡∏™‡∏π‡∏ï‡∏£,‡πÄ‡∏î‡∏µ‡πã‡∏¢‡∏ß‡∏°‡∏±‡∏ô‡∏Å‡πâ‡∏≠‡∏ã‡∏¥‡∏Å‡πÅ‡∏ã‡∏Å‡πÑ‡∏õ‡πÄ‡∏Å‡πá‡∏ö‡∏≠‡∏¢‡πà‡∏≤‡∏á‡∏≠‡∏∑‡πà‡∏ô‡πÄ‡∏û‡∏¥‡πà‡∏°,neg
‡∏õ‡∏£‡∏∞‡∏Å‡∏≤‡∏®‡πÅ‡∏•‡πâ‡∏ß! ‡∏Ñ‡∏∏‡∏°‡∏™‡∏±‡∏ç‡∏ç‡∏≤‡∏´‡πâ‡∏≠‡∏á‡πÄ‡∏ä‡πà‡∏≤‡∏´‡πâ‡∏≤‡∏°‡πÄ‡∏Å‡πá‡∏ö‡∏Ñ‡πà‡∏≤‡∏ô‡πâ‡∏≥‡πÑ‡∏ü‡πÄ‡∏Å‡∏¥‡∏ô‡∏à‡∏£‡∏¥‡∏á ‡πÄ‡∏ä‡πá‡∏Å‡∏™‡∏π‡∏ï‡∏£,‡∏Å‡∏ß‡πà‡∏≤‡∏à‡∏∞‡∏Ñ‡∏∏‡∏°‡πÄ‡∏Ñ‡πâ‡∏≤‡∏£‡∏ß‡∏¢‡∏Å‡∏±‡∏ô‡∏´‡∏°‡∏î‡πÅ‡∏•‡πâ‡∏ß,neg
‡∏ó‡∏±‡∏ß‡∏£‡πå‡∏•‡∏á‡∏´‡∏ô‡∏±‡∏Å ! ‡∏´‡∏ô‡∏∏‡πà‡∏°‡πÄ‡∏ï‡∏∞‡∏Å‡∏£‡∏∞‡∏ó‡∏á‡∏õ‡πà‡∏ß‡∏ô‡∏Ñ‡∏π‡πà‡∏£‡∏±‡∏Å,‡∏´‡∏•‡∏±‡∏á‡πÄ‡∏Å‡∏¥‡∏î‡∏Å‡∏£‡∏∞‡πÅ‡∏™‡∏ß‡∏¥‡∏û‡∏≤‡∏Å‡∏©‡πå‡∏ß‡∏¥‡∏à‡∏≤‡∏£‡∏ì‡πå‡∏≠‡∏¢‡πà‡∏≤‡∏á‡∏´‡∏ô‡∏±‡∏Å ‡πÄ‡∏à‡πâ‡∏≤‡∏ï‡∏±‡∏ß‡πÑ‡∏î‡πâ‡∏ï‡∏±‡∏î‡∏™‡∏¥‡∏ô‡πÉ‡∏à‡∏•‡∏ö‡∏Ñ‡∏•‡∏¥‡∏õ‡∏≠‡∏≠‡∏Å‡∏à‡∏≤‡∏Å Facebook ‡∏û‡∏£‡πâ‡∏≠‡∏°‡πÇ‡∏û‡∏™‡∏ï‡πå‡∏Ç‡πâ‡∏≠‡∏Ñ‡∏ß‡∏≤‡∏°‡∏Ç‡∏≠‡πÇ‡∏ó‡∏© ‡πÇ‡∏î‡∏¢‡∏¢‡∏≠‡∏°‡∏£‡∏±‡∏ö‡∏ú‡∏¥‡∏î‡∏Å‡∏±‡∏ö‡∏Å‡∏≤‡∏£‡∏Å‡∏£‡∏∞‡∏ó‡∏≥ ‡∏¢‡∏∑‡∏ô‡∏¢‡∏±‡∏ô‡∏ß‡πà‡∏≤‡πÑ‡∏°‡πà‡∏°‡∏µ‡πÄ‡∏à‡∏ï‡∏ô‡∏≤‡∏î‡∏π‡∏´‡∏°‡∏¥‡πà‡∏ô‡∏õ‡∏£‡∏∞‡πÄ‡∏û‡∏ì‡∏µ ‡∏´‡∏£‡∏∑‡∏≠‡πÉ‡∏´‡πâ‡∏Ñ‡∏ô‡∏≠‡∏∑‡πà‡∏ô‡∏ó‡∏≥‡∏ï‡∏≤‡∏° ‡πÅ‡∏ï‡πà‡∏•‡∏á‡∏Ñ‡∏•‡∏¥‡∏õ‡πÄ‡∏û‡∏∑‡πà‡∏≠‡∏Ñ‡∏ß‡∏≤‡∏°‡∏ö‡∏±‡∏ô‡πÄ‡∏ó‡∏¥‡∏á‡πÄ‡∏ó‡πà‡∏≤‡∏ô‡∏±‡πâ‡∏ô,neu
‡∏ó‡∏±‡∏ß‡∏£‡πå‡∏•‡∏á‡∏´‡∏ô‡∏±‡∏Å ! ‡∏´‡∏ô‡∏∏‡πà‡∏°‡πÄ‡∏ï‡∏∞‡∏Å‡∏£‡∏∞‡∏ó‡∏á‡∏õ‡πà‡∏ß‡∏ô‡∏Ñ‡∏π‡πà‡∏£‡∏±‡∏Å,‡∏≠‡∏¢‡πà‡∏≤‡∏•‡∏∑‡∏°‡∏ó‡∏≥‡∏Ç‡πà‡∏≤‡∏ß‡πÄ‡∏£‡∏∑‡πà‡∏≠‡∏á‡∏à‡∏∏‡∏î‡∏õ‡∏£‡∏∞‡∏ó‡∏±‡∏î‡∏ó‡∏µ‡πà‡∏≠‡∏¢‡∏∏‡∏ò‡∏¢‡∏≤‡∏ô‡∏∞‡∏Ñ‡∏∞ ‡∏à‡∏∏‡∏î‡∏Å‡∏£‡∏∞‡∏à‡∏±‡∏ö‡πÅ‡∏•‡πâ‡∏ß‡πÇ‡∏¢‡∏ô‡∏•‡∏á‡∏ï‡∏£‡∏á‡∏ó‡∏µ‡πà‡πÄ‡∏Ç‡∏≤‡∏•‡∏≠‡∏¢‡∏Å‡∏£‡∏∞‡∏ó‡∏á‡∏Å‡∏±‡∏ô ‡∏≠‡∏±‡∏ô‡∏ï‡∏£‡∏≤‡∏¢‡∏°‡∏≤‡∏Å,neu
‡∏ó‡∏±‡∏ß‡∏£‡πå‡∏•‡∏á‡∏´‡∏ô‡∏±‡∏Å ! ‡∏´‡∏ô‡∏∏‡πà‡∏°‡πÄ‡∏ï‡∏∞‡∏Å‡∏£‡∏∞‡∏ó‡∏á‡∏õ‡πà‡∏ß‡∏ô‡∏Ñ‡∏π‡πà‡∏£‡∏±‡∏Å,‡∏≠‡∏≤‡∏£‡∏°‡πÅ‡∏£‡∏á‡πÅ‡∏ó‡πâ‡∏ô‡∏≠,neg
‡∏ó‡∏±‡∏ß‡∏£‡πå‡∏•‡∏á‡∏´‡∏ô‡∏±‡∏Å ! ‡∏´‡∏ô‡∏∏‡πà‡∏°‡πÄ‡∏ï‡∏∞‡∏Å‡∏£‡∏∞‡∏ó‡∏á‡∏õ‡πà‡∏ß‡∏ô‡∏Ñ‡∏π‡πà‡∏£‡∏±‡∏Å,‡∏™‡∏≤‡∏¢‡πÑ‡∏õ‡πÄ‡∏™‡∏µ‡∏¢‡πÅ‡∏•‡πâ‡∏ß,neg
‡∏ó‡∏±‡∏ß‡∏£‡πå‡∏•‡∏á‡∏´‡∏ô‡∏±‡∏Å ! ‡∏´‡∏ô‡∏∏‡πà‡∏°‡πÄ‡∏ï‡∏∞‡∏Å‡∏£‡∏∞‡∏ó‡∏á‡∏õ‡πà‡∏ß‡∏ô‡∏Ñ‡∏π‡πà‡∏£‡∏±‡∏Å,‡∏ó‡∏≥‡∏Ç‡πà‡∏≤‡∏ß‡πÄ‡∏£‡∏∑‡πà‡∏≠‡∏á‡∏à‡∏∏‡∏î‡∏õ‡∏£‡∏∞‡∏ó‡∏±‡∏î‡∏î‡πâ‡∏ß‡∏¢‡∏™‡∏¥,q
‡∏ó‡∏±‡∏ß‡∏£‡πå‡∏•‡∏á‡∏´‡∏ô‡∏±‡∏Å ! ‡∏´‡∏ô‡∏∏‡πà‡∏°‡πÄ‡∏ï‡∏∞‡∏Å‡∏£‡∏∞‡∏ó‡∏á‡∏õ‡πà‡∏ß‡∏ô‡∏Ñ‡∏π‡πà‡∏£‡∏±‡∏Å,‡∏Ç‡πà‡∏≤‡∏ß‡∏à‡∏∏‡∏î‡∏õ‡∏£‡∏∞‡∏ó‡∏±‡∏î‡πÇ‡∏î‡∏ô‡πÄ‡∏î‡πá‡∏Å‡∏≠‡∏¢‡∏∏‡∏ò‡∏¢‡∏≤‡∏´‡∏ô‡πà‡∏≠‡∏¢‡∏Ñ‡∏£‡∏±‡∏ö ‡∏ä‡πà‡∏≠‡∏á‡∏ô‡∏µ‡πâ‡∏ô‡πà‡∏≤‡∏à‡∏∞‡πÑ‡∏î‡πâ‡∏Ç‡πâ‡∏≠‡∏°‡∏π‡∏•‡πÄ‡∏¢‡∏≠‡∏∞ ‡πÄ‡∏û‡∏£‡∏≤‡∏∞‡∏ô‡∏±‡∏Å‡∏Ç‡πà‡∏≤‡∏ß‡∏ä‡πà‡∏≠‡∏á‡∏ô‡∏µ‡πâ‡πÑ‡∏õ‡πÇ‡∏£‡∏á‡∏û‡∏±‡∏Å‡∏î‡πâ‡∏ß‡∏¢,neu
‡∏ó‡∏±‡∏ß‡∏£‡πå‡∏•‡∏á‡∏´‡∏ô‡∏±‡∏Å ! ‡∏´‡∏ô‡∏∏‡πà‡∏°‡πÄ‡∏ï‡∏∞‡∏Å‡∏£‡∏∞‡∏ó‡∏á‡∏õ‡πà‡∏ß‡∏ô‡∏Ñ‡∏π‡πà‡∏£‡∏±‡∏Å,‡∏Ñ‡∏≠‡∏ô‡πÄ‡∏ó‡∏ô‡∏ó‡πå‡πÄ‡∏≠‡∏≤‡πÉ‡∏à‡∏Ñ‡∏ô‡πÇ‡∏™‡∏î ‡∏Å‡∏∞‡∏´‡∏≤‡∏Å‡∏¥‡∏ô‡∏Å‡∏±‡∏ö‡∏¢‡∏≠‡∏î‡πÄ‡∏≠‡∏ô‡πÄ‡∏Å‡∏à‡∏Ñ‡∏ô‡πÇ‡∏™‡∏î ‡πÉ‡∏ô‡∏™‡∏±‡∏á‡∏Ñ‡∏°‡∏¢‡∏∏‡∏Ñ‡∏´‡∏¥‡∏ß‡∏Ñ‡∏≠‡∏ô‡πÄ‡∏ó‡∏ô‡∏ó‡πå,neg
‡∏ó‡∏±‡∏ß‡∏£‡πå‡∏•‡∏á‡∏´‡∏ô‡∏±‡∏Å ! ‡∏´‡∏ô‡∏∏‡πà‡∏°‡πÄ‡∏ï‡∏∞‡∏Å‡∏£‡∏∞‡∏ó‡∏á‡∏õ‡πà‡∏ß‡∏ô‡∏Ñ‡∏π‡πà‡∏£‡∏±‡∏Å,‡∏ñ‡πâ‡∏≤‡πÑ‡∏°‡πà‡πÑ‡∏ä‡πà‡πÄ‡∏û‡∏∑‡πà‡∏≠‡∏ô‡∏≠‡∏¢‡πà‡∏≤‡∏ï‡∏•‡∏Å‡∏Å‡∏π‡∏ö‡∏≠‡∏Å‡πÄ‡∏•‡∏¢ ‡∏≠‡∏≤‡∏à‡πÇ‡∏î‡∏ô‡πÄ‡∏õ‡∏¥‡∏î‡∏´‡∏ô‡πâ‡∏≤,neg
‡∏ó‡∏±‡∏ß‡∏£‡πå‡∏•‡∏á‡∏´‡∏ô‡∏±‡∏Å ! ‡∏´‡∏ô‡∏∏‡πà‡∏°‡πÄ‡∏ï‡∏∞‡∏Å‡∏£‡∏∞‡∏ó‡∏á‡∏õ‡πà‡∏ß‡∏ô‡∏Ñ‡∏π‡πà‡∏£‡∏±‡∏Å,‡∏ó‡∏≥‡∏á‡∏≤‡∏ô‡∏ó‡∏µ‡πà‡πÑ‡∏´‡∏ô‡∏à‡∏±‡∏î‡πÑ‡∏õ,q
‡∏ó‡∏±‡∏ß‡∏£‡πå‡∏•‡∏á‡∏´‡∏ô‡∏±‡∏Å ! ‡∏´‡∏ô‡∏∏‡πà‡∏°‡πÄ‡∏ï‡∏∞‡∏Å‡∏£‡∏∞‡∏ó‡∏á‡∏õ‡πà‡∏ß‡∏ô‡∏Ñ‡∏π‡πà‡∏£‡∏±‡∏Å,‡∏Ñ‡∏≠‡∏ô‡πÄ‡∏ó‡πâ‡∏ô‡∏ó‡πå‡∏Ç‡∏¢‡∏∞,neg
‡∏ó‡∏±‡∏ß‡∏£‡πå‡∏•‡∏á‡∏´‡∏ô‡∏±‡∏Å ! ‡∏´‡∏ô‡∏∏‡πà‡∏°‡πÄ‡∏ï‡∏∞‡∏Å‡∏£‡∏∞‡∏ó‡∏á‡∏õ‡πà‡∏ß‡∏ô‡∏Ñ‡∏π‡πà‡∏£‡∏±‡∏Å,‡πÄ‡∏Ç‡∏°‡∏£‡πÄ‡∏Ç‡∏≤‡∏•‡∏≠‡∏¢‡∏Å‡∏£‡∏∞‡∏ó‡∏á‡∏Å‡∏±‡∏ô,neu
‡∏ó‡∏±‡∏ß‡∏£‡πå‡∏•‡∏á‡∏´‡∏ô‡∏±‡∏Å ! ‡∏´‡∏ô‡∏∏‡πà‡∏°‡πÄ‡∏ï‡∏∞‡∏Å‡∏£‡∏∞‡∏ó‡∏á‡∏õ‡πà‡∏ß‡∏ô‡∏Ñ‡∏π‡πà‡∏£‡∏±‡∏Å,‡∏î‡∏±‡∏á‡πÑ‡∏î‡πâ ‡∏î‡∏±‡∏ö‡πÑ‡∏î‡πâ ‡∏î‡∏±‡∏ö‡∏°‡∏≤‡∏´‡∏•‡∏≤‡∏¢‡πÄ‡∏Ñ‡∏™‡πÅ‡∏•‡πâ‡∏ß#‡∏Ñ‡∏≠‡∏ô‡πÄ‡∏ó‡∏ô‡∏ï‡πå‡∏Ç‡∏¢‡∏∞,neg
‡∏ó‡∏±‡∏ß‡∏£‡πå‡∏•‡∏á‡∏´‡∏ô‡∏±‡∏Å ! ‡∏´‡∏ô‡∏∏‡πà‡∏°‡πÄ‡∏ï‡∏∞‡∏Å‡∏£‡∏∞‡∏ó‡∏á‡∏õ‡πà‡∏ß‡∏ô‡∏Ñ‡∏π‡πà‡∏£‡∏±‡∏Å,‡πÄ‡∏Ç‡∏≤‡∏à‡∏∞‡πÄ‡∏ï‡∏∞‡∏Å‡πà‡∏≠‡∏Å‡∏ß‡∏ô‡∏°‡∏±‡∏ô‡∏Å‡πá‡πÄ‡∏£‡∏∑‡πà‡∏≠‡∏á‡∏Ç‡∏≠‡∏á‡πÄ‡∏Ç‡∏≤ ‡∏Ñ‡∏ß‡∏£‡πÑ‡∏õ‡∏ó‡∏≥‡∏Ç‡πà‡∏≤‡∏ß‡πÄ‡∏£‡∏∑‡πà‡∏≠‡∏á‡∏à‡∏∏‡∏î‡∏õ‡∏£‡∏∞‡∏ó‡∏±‡∏î‡∏à‡∏∞‡∏î‡∏µ‡∏Å‡∏ß‡πà‡∏≤,neg
‡∏ó‡∏±‡∏ß‡∏£‡πå‡∏•‡∏á‡∏´‡∏ô‡∏±‡∏Å ! ‡∏´‡∏ô‡∏∏‡πà‡∏°‡πÄ‡∏ï‡∏∞‡∏Å‡∏£‡∏∞‡∏ó‡∏á‡∏õ‡πà‡∏ß‡∏ô‡∏Ñ‡∏π‡πà‡∏£‡∏±‡∏Å,‡∏Ç‡πà‡∏≤‡∏ß‡∏à‡∏∏‡∏î‡∏õ‡∏£‡∏∞‡∏ó‡∏±‡∏î‡∏´‡∏ô‡πà‡∏≠‡∏¢‡∏Ñ‡πà‡∏∞,q
‡∏ó‡∏±‡∏ß‡∏£‡πå‡∏•‡∏á‡∏´‡∏ô‡∏±‡∏Å ! ‡∏´‡∏ô‡∏∏‡πà‡∏°‡πÄ‡∏ï‡∏∞‡∏Å‡∏£‡∏∞‡∏ó‡∏á‡∏õ‡πà‡∏ß‡∏ô‡∏Ñ‡∏π‡πà‡∏£‡∏±‡∏Å,‡∏£‡∏±‡∏ö‡∏Å‡∏£‡∏£‡∏°‡πÑ‡∏õ‡πÄ‡∏ñ‡∏≠‡∏∞üòàüëéüòà,neg
‡∏ó‡∏±‡∏ß‡∏£‡πå‡∏•‡∏á‡∏´‡∏ô‡∏±‡∏Å ! ‡∏´‡∏ô‡∏∏‡πà‡∏°‡πÄ‡∏ï‡∏∞‡∏Å‡∏£‡∏∞‡∏ó‡∏á‡∏õ‡πà‡∏ß‡∏ô‡∏Ñ‡∏π‡πà‡∏£‡∏±‡∏Å,‡∏Ñ‡∏ô‡∏≠‡∏µ‡∏™‡∏≤‡∏ô ?,q
‡∏ó‡∏±‡∏ß‡∏£‡πå‡∏•‡∏á‡∏´‡∏ô‡∏±‡∏Å ! ‡∏´‡∏ô‡∏∏‡πà‡∏°‡πÄ‡∏ï‡∏∞‡∏Å‡∏£‡∏∞‡∏ó‡∏á‡∏õ‡πà‡∏ß‡∏ô‡∏Ñ‡∏π‡πà‡∏£‡∏±‡∏Å,‡∏™‡∏±‡∏ô‡∏î‡∏≤‡∏ô‡∏´‡∏°‡∏≤,neg
‡∏ó‡∏±‡∏ß‡∏£‡πå‡∏•‡∏á‡∏´‡∏ô‡∏±‡∏Å ! ‡∏´‡∏ô‡∏∏‡πà‡∏°‡πÄ‡∏ï‡∏∞‡∏Å‡∏£‡∏∞‡∏ó‡∏á‡∏õ‡πà‡∏ß‡∏ô‡∏Ñ‡∏π‡πà‡∏£‡∏±‡∏Å,‡∏Ñ‡∏ô‡∏≠‡∏µ‡∏™‡∏≤‡∏ô,neu
'‡∏ö‡∏¥‡πä‡∏Å‡∏ï‡πà‡∏≤‡∏¢' ‡πÄ‡∏ú‡∏¢ ‡∏£‡∏π‡πâ‡∏™‡∏∂‡∏Å‡πÄ‡∏à‡πá‡∏ö‡∏õ‡∏ß‡∏î ‡∏´‡∏•‡∏±‡∏á ‡∏ï‡∏£.‡∏ñ‡∏π‡∏Å‡πÇ‡∏à‡∏°‡∏ï‡∏µ ‡πÄ‡∏õ‡πá‡∏ô‡∏≠‡∏á‡∏Ñ‡πå‡∏Å‡∏£‡∏≠‡∏≤‡∏ä‡∏ç‡∏≤‡∏Å‡∏£‡∏£‡∏°‡∏Ç‡∏ô‡∏≤‡∏î‡πÉ‡∏´‡∏ç‡πà‡πÉ‡∏ô‡πÑ‡∏ó‡∏¢,"‡πÇ‡∏î‡∏¢ ‚Äù‡∏ö‡∏¥‡πä‡∏Å‡∏ï‡πà‡∏≤‡∏¢‚Äú  ‡∏¢‡∏∑‡∏ô‡∏¢‡∏±‡∏ô ‡∏Å‡∏≤‡∏£‡∏ï‡∏±‡πâ‡∏á‡∏ó‡∏µ‡πà‡πÄ‡∏õ‡πá‡∏ô‡∏•‡∏±‡∏Å‡∏©‡∏ì‡∏∞‡πÄ‡∏´‡∏°‡∏∑‡∏≠‡∏ô‡∏≠‡∏≤‡∏ì‡∏≤‡∏à‡∏±‡∏Å‡∏£‡πÑ‡∏°‡πà‡πÑ‡∏î‡πâ‡∏≠‡∏¢‡∏π‡πà‡πÉ‡∏ô‡∏õ‡∏£‡∏∞‡πÄ‡∏ó‡∏®‡πÑ‡∏ó‡∏¢ ‡πÅ‡∏ï‡πà‡∏≠‡∏¢‡∏π‡πà‡πÉ‡∏ô‡∏õ‡∏£‡∏∞‡πÄ‡∏ó‡∏®‡πÄ‡∏û‡∏∑‡πà‡∏≠‡∏ô‡∏ö‡πâ‡∏≤‡∏ô ‡∏ã‡∏∂‡πà‡∏á‡∏°‡∏µ‡∏Å‡∏≤‡∏£‡∏õ‡∏£‡∏∞‡∏™‡∏≤‡∏ô‡∏Ñ‡∏ß‡∏≤‡∏°‡∏£‡πà‡∏ß‡∏°‡∏°‡∏∑‡∏≠‡∏Å‡∏±‡∏ö‡∏ï‡∏≥‡∏£‡∏ß‡∏à‡∏™‡∏≤‡∏Å‡∏• ‡πÅ‡∏•‡∏∞‡∏™‡∏´‡∏õ‡∏£‡∏∞‡∏ä‡∏≤‡∏ä‡∏≤‡∏ï‡∏¥ ‡∏Å‡∏≤‡∏£‡∏Å‡∏£‡∏∞‡∏ó‡∏≥‡∏ú‡∏¥‡∏î‡∏ó‡∏µ‡πà‡πÄ‡∏Å‡∏µ‡πà‡∏¢‡∏ß‡∏Å‡∏±‡∏ö‡πÄ‡∏£‡∏∑‡πà‡∏≠‡∏á‡∏´‡∏•‡∏≠‡∏Å‡∏•‡∏ß‡∏á ‡πÄ‡∏ä‡πà‡∏ô ‡∏Ñ‡∏≠‡∏•‡πÄ‡∏ã‡∏ô‡πÄ‡∏ï‡∏≠‡∏£‡πå, ‡∏™‡πÅ‡∏Å‡∏°‡πÄ‡∏°‡∏≠‡∏£‡πå ‡∏´‡∏£‡∏∑‡∏≠‡∏Å‡∏≤‡∏£‡∏Ñ‡πâ‡∏≤‡∏°‡∏ô‡∏∏‡∏©‡∏¢‡πå ‡∏°‡∏µ‡∏Ñ‡∏ß‡∏≤‡∏°‡πÄ‡∏Å‡∏µ‡πà‡∏¢‡∏ß‡πÇ‡∏¢‡∏á‡πÅ‡∏•‡∏∞‡∏™‡∏±‡∏°‡∏û‡∏±‡∏ô‡∏ò‡πå‡∏Å‡∏±‡∏ô",neu
'‡∏ö‡∏¥‡πä‡∏Å‡∏ï‡πà‡∏≤‡∏¢' ‡πÄ‡∏ú‡∏¢ ‡∏£‡∏π‡πâ‡∏™‡∏∂‡∏Å‡πÄ‡∏à‡πá‡∏ö‡∏õ‡∏ß‡∏î ‡∏´‡∏•‡∏±‡∏á ‡∏ï‡∏£.‡∏ñ‡∏π‡∏Å‡πÇ‡∏à‡∏°‡∏ï‡∏µ ‡πÄ‡∏õ‡πá‡∏ô‡∏≠‡∏á‡∏Ñ‡πå‡∏Å‡∏£‡∏≠‡∏≤‡∏ä‡∏ç‡∏≤‡∏Å‡∏£‡∏£‡∏°‡∏Ç‡∏ô‡∏≤‡∏î‡πÉ‡∏´‡∏ç‡πà‡πÉ‡∏ô‡πÑ‡∏ó‡∏¢,‡∏™‡∏á‡∏™‡∏≤‡∏£‡∏ó‡πà‡∏≤‡∏ô‡∏°‡∏≤‡∏Å‡∏Ñ‡∏£‡∏±‡∏ö‡∏ó‡∏µ‡πà‡πÄ‡∏Ç‡∏≤‡∏°‡∏≤‡πÅ‡∏â‡πÅ‡∏ö‡∏ö‡∏ô‡∏µ‡πâ,pos
'‡∏ö‡∏¥‡πä‡∏Å‡∏ï‡πà‡∏≤‡∏¢' ‡πÄ‡∏ú‡∏¢ ‡∏£‡∏π‡πâ‡∏™‡∏∂‡∏Å‡πÄ‡∏à‡πá‡∏ö‡∏õ‡∏ß‡∏î ‡∏´‡∏•‡∏±‡∏á ‡∏ï‡∏£.‡∏ñ‡∏π‡∏Å‡πÇ‡∏à‡∏°‡∏ï‡∏µ ‡πÄ‡∏õ‡πá‡∏ô‡∏≠‡∏á‡∏Ñ‡πå‡∏Å‡∏£‡∏≠‡∏≤‡∏ä‡∏ç‡∏≤‡∏Å‡∏£‡∏£‡∏°‡∏Ç‡∏ô‡∏≤‡∏î‡πÉ‡∏´‡∏ç‡πà‡πÉ‡∏ô‡πÑ‡∏ó‡∏¢,‡∏°‡∏±‡∏ô‡∏Ñ‡∏∑‡∏≠‡∏Ñ‡∏ß‡∏≤‡∏°‡∏à‡∏£‡∏¥‡∏á,neu
'‡∏ö‡∏¥‡πä‡∏Å‡∏ï‡πà‡∏≤‡∏¢' ‡πÄ‡∏ú‡∏¢ ‡∏£‡∏π‡πâ‡∏™‡∏∂‡∏Å‡πÄ‡∏à‡πá‡∏ö‡∏õ‡∏ß‡∏î ‡∏´‡∏•‡∏±‡∏á ‡∏ï‡∏£.‡∏ñ‡∏π‡∏Å‡πÇ‡∏à‡∏°‡∏ï‡∏µ ‡πÄ‡∏õ‡πá‡∏ô‡∏≠‡∏á‡∏Ñ‡πå‡∏Å‡∏£‡∏≠‡∏≤‡∏ä‡∏ç‡∏≤‡∏Å‡∏£‡∏£‡∏°‡∏Ç‡∏ô‡∏≤‡∏î‡πÉ‡∏´‡∏ç‡πà‡πÉ‡∏ô‡πÑ‡∏ó‡∏¢,‡∏Ñ‡∏ß‡∏≤‡∏°‡∏à‡∏£‡∏¥‡∏á‡∏°‡∏±‡∏Å‡πÄ‡∏à‡πá‡∏ö‡∏õ‡∏ß‡∏î‡πÄ‡∏™‡∏°‡∏≠‡∏Ñ‡πà‡∏∞,neu
'‡∏ö‡∏¥‡πä‡∏Å‡∏ï‡πà‡∏≤‡∏¢' ‡πÄ‡∏ú‡∏¢ ‡∏£‡∏π‡πâ‡∏™‡∏∂‡∏Å‡πÄ‡∏à‡πá‡∏ö‡∏õ‡∏ß‡∏î ‡∏´‡∏•‡∏±‡∏á ‡∏ï‡∏£.‡∏ñ‡∏π‡∏Å‡πÇ‡∏à‡∏°‡∏ï‡∏µ ‡πÄ‡∏õ‡πá‡∏ô‡∏≠‡∏á‡∏Ñ‡πå‡∏Å‡∏£‡∏≠‡∏≤‡∏ä‡∏ç‡∏≤‡∏Å‡∏£‡∏£‡∏°‡∏Ç‡∏ô‡∏≤‡∏î‡πÉ‡∏´‡∏ç‡πà‡πÉ‡∏ô‡πÑ‡∏ó‡∏¢,‡∏ú‡∏°‡∏£‡∏π‡πâ‡∏°‡∏≤‡∏ï‡∏±‡πâ‡∏á‡πÅ‡∏ï‡πà ‡πÄ‡∏î‡πá‡∏Å‡∏¢‡∏±‡∏ô‡πÅ‡∏Å‡πà‡πÅ‡∏•‡πâ‡∏ß‡∏Ñ‡∏£‡∏±‡∏ö,neu
'‡∏ö‡∏¥‡πä‡∏Å‡∏ï‡πà‡∏≤‡∏¢' ‡πÄ‡∏ú‡∏¢ ‡∏£‡∏π‡πâ‡∏™‡∏∂‡∏Å‡πÄ‡∏à‡πá‡∏ö‡∏õ‡∏ß‡∏î ‡∏´‡∏•‡∏±‡∏á ‡∏ï‡∏£.‡∏ñ‡∏π‡∏Å‡πÇ‡∏à‡∏°‡∏ï‡∏µ ‡πÄ‡∏õ‡πá‡∏ô‡∏≠‡∏á‡∏Ñ‡πå‡∏Å‡∏£‡∏≠‡∏≤‡∏ä‡∏ç‡∏≤‡∏Å‡∏£‡∏£‡∏°‡∏Ç‡∏ô‡∏≤‡∏î‡πÉ‡∏´‡∏ç‡πà‡πÉ‡∏ô‡πÑ‡∏ó‡∏¢,‡πÅ‡∏•‡πâ‡∏ß‡∏°‡∏±‡∏ô‡∏à‡∏£‡∏¥‡∏á‡∏°‡∏±‡∏¢‡∏•‡∏∞‡∏ó‡πà‡∏≤‡∏ô  ‡∏Ñ‡∏ô‡πÉ‡∏ô‡∏¢‡πà‡∏≠‡∏°‡∏£‡∏π‡πâ‡∏î‡∏µ,q
'‡∏ö‡∏¥‡πä‡∏Å‡∏ï‡πà‡∏≤‡∏¢' ‡πÄ‡∏ú‡∏¢ ‡∏£‡∏π‡πâ‡∏™‡∏∂‡∏Å‡πÄ‡∏à‡πá‡∏ö‡∏õ‡∏ß‡∏î ‡∏´‡∏•‡∏±‡∏á ‡∏ï‡∏£.‡∏ñ‡∏π‡∏Å‡πÇ‡∏à‡∏°‡∏ï‡∏µ ‡πÄ‡∏õ‡πá‡∏ô‡∏≠‡∏á‡∏Ñ‡πå‡∏Å‡∏£‡∏≠‡∏≤‡∏ä‡∏ç‡∏≤‡∏Å‡∏£‡∏£‡∏°‡∏Ç‡∏ô‡∏≤‡∏î‡πÉ‡∏´‡∏ç‡πà‡πÉ‡∏ô‡πÑ‡∏ó‡∏¢,‡∏≠‡πâ‡∏≤‡∏¢‡∏ó‡∏≥‡πÉ‡∏à‡πÑ‡∏ß‡πâ‡πÅ‡∏•‡πâ‡∏ß‡∏´‡∏•‡πâ‡∏≤,neu
'‡∏ö‡∏¥‡πä‡∏Å‡∏ï‡πà‡∏≤‡∏¢' ‡πÄ‡∏ú‡∏¢ ‡∏£‡∏π‡πâ‡∏™‡∏∂‡∏Å‡πÄ‡∏à‡πá‡∏ö‡∏õ‡∏ß‡∏î ‡∏´‡∏•‡∏±‡∏á ‡∏ï‡∏£.‡∏ñ‡∏π‡∏Å‡πÇ‡∏à‡∏°‡∏ï‡∏µ ‡πÄ‡∏õ‡πá‡∏ô‡∏≠‡∏á‡∏Ñ‡πå‡∏Å‡∏£‡∏≠‡∏≤‡∏ä‡∏ç‡∏≤‡∏Å‡∏£‡∏£‡∏°‡∏Ç‡∏ô‡∏≤‡∏î‡πÉ‡∏´‡∏ç‡πà‡πÉ‡∏ô‡πÑ‡∏ó‡∏¢,‡∏Ñ‡∏ô‡πÉ‡∏ô‡∏ó‡∏µ‡πà‡πÇ‡∏î‡∏ô‡∏î‡∏µ‡∏î‡∏≠‡∏≠‡∏Å‡∏Ç‡πâ‡∏≤‡∏á‡∏ô‡∏≠‡∏Å‡∏ô‡∏∞‡∏ã‡∏µ‡πâ,neu
'‡∏ö‡∏¥‡πä‡∏Å‡∏ï‡πà‡∏≤‡∏¢' ‡πÄ‡∏ú‡∏¢ ‡∏£‡∏π‡πâ‡∏™‡∏∂‡∏Å‡πÄ‡∏à‡πá‡∏ö‡∏õ‡∏ß‡∏î ‡∏´‡∏•‡∏±‡∏á ‡∏ï‡∏£.‡∏ñ‡∏π‡∏Å‡πÇ‡∏à‡∏°‡∏ï‡∏µ ‡πÄ‡∏õ‡πá‡∏ô‡∏≠‡∏á‡∏Ñ‡πå‡∏Å‡∏£‡∏≠‡∏≤‡∏ä‡∏ç‡∏≤‡∏Å‡∏£‡∏£‡∏°‡∏Ç‡∏ô‡∏≤‡∏î‡πÉ‡∏´‡∏ç‡πà‡πÉ‡∏ô‡πÑ‡∏ó‡∏¢,‡∏ó‡∏µ‡πà‡∏£‡∏±‡∏ö‡πÑ‡∏°‡πà‡πÑ‡∏î‡πâ‡∏Ñ‡∏∑‡∏≠‡∏û‡∏ß‡∏Å‡∏Ñ‡∏ô‡πÄ‡∏•‡∏ß‡∏ñ‡πâ‡∏≤‡∏Ñ‡∏ô‡∏î‡∏µ‡πÄ‡∏Ñ‡πâ‡∏≤‡∏£‡∏±‡∏ö‡πÑ‡∏î‡πâ‡πÅ‡∏ô‡πà‡∏ô‡∏≠‡∏ô,pos
'‡∏ö‡∏¥‡πä‡∏Å‡∏ï‡πà‡∏≤‡∏¢' ‡πÄ‡∏ú‡∏¢ ‡∏£‡∏π‡πâ‡∏™‡∏∂‡∏Å‡πÄ‡∏à‡πá‡∏ö‡∏õ‡∏ß‡∏î ‡∏´‡∏•‡∏±‡∏á ‡∏ï‡∏£.‡∏ñ‡∏π‡∏Å‡πÇ‡∏à‡∏°‡∏ï‡∏µ ‡πÄ‡∏õ‡πá‡∏ô‡∏≠‡∏á‡∏Ñ‡πå‡∏Å‡∏£‡∏≠‡∏≤‡∏ä‡∏ç‡∏≤‡∏Å‡∏£‡∏£‡∏°‡∏Ç‡∏ô‡∏≤‡∏î‡πÉ‡∏´‡∏ç‡πà‡πÉ‡∏ô‡πÑ‡∏ó‡∏¢,‡∏ï‡πâ‡∏≠‡∏á‡∏£‡∏±‡∏ö‡πÉ‡∏´‡πâ‡πÑ‡∏î‡πâ‡∏£‡∏π‡πâ‡∏≠‡∏¢‡∏π‡πà‡πÅ‡∏Å‡πà‡πÉ‡∏à,neu
'‡∏ö‡∏¥‡πä‡∏Å‡∏ï‡πà‡∏≤‡∏¢' ‡πÄ‡∏ú‡∏¢ ‡∏£‡∏π‡πâ‡∏™‡∏∂‡∏Å‡πÄ‡∏à‡πá‡∏ö‡∏õ‡∏ß‡∏î ‡∏´‡∏•‡∏±‡∏á ‡∏ï‡∏£.‡∏ñ‡∏π‡∏Å‡πÇ‡∏à‡∏°‡∏ï‡∏µ ‡πÄ‡∏õ‡πá‡∏ô‡∏≠‡∏á‡∏Ñ‡πå‡∏Å‡∏£‡∏≠‡∏≤‡∏ä‡∏ç‡∏≤‡∏Å‡∏£‡∏£‡∏°‡∏Ç‡∏ô‡∏≤‡∏î‡πÉ‡∏´‡∏ç‡πà‡πÉ‡∏ô‡πÑ‡∏ó‡∏¢,‡∏£‡∏±‡∏ö‡πÉ‡∏´‡πâ‡πÑ‡∏î‡πâ‡∏î‡∏¥‡∏Ñ‡∏±‡∏ö ‡∏ñ‡πâ‡∏≤‡∏ï‡∏≥‡∏£‡∏ß‡∏à‡∏î‡∏µ‡∏à‡∏¥‡∏á‡πÄ‡∏Ç‡∏≤‡πÑ‡∏°‡πà‡πÅ‡∏â‡∏´‡∏£‡∏≠‡∏Å‡∏Ñ‡∏±‡∏ö,neg
'‡∏ö‡∏¥‡πä‡∏Å‡∏ï‡πà‡∏≤‡∏¢' ‡πÄ‡∏ú‡∏¢ ‡∏£‡∏π‡πâ‡∏™‡∏∂‡∏Å‡πÄ‡∏à‡πá‡∏ö‡∏õ‡∏ß‡∏î ‡∏´‡∏•‡∏±‡∏á ‡∏ï‡∏£.‡∏ñ‡∏π‡∏Å‡πÇ‡∏à‡∏°‡∏ï‡∏µ ‡πÄ‡∏õ‡πá‡∏ô‡∏≠‡∏á‡∏Ñ‡πå‡∏Å‡∏£‡∏≠‡∏≤‡∏ä‡∏ç‡∏≤‡∏Å‡∏£‡∏£‡∏°‡∏Ç‡∏ô‡∏≤‡∏î‡πÉ‡∏´‡∏ç‡πà‡πÉ‡∏ô‡πÑ‡∏ó‡∏¢,‡πÑ‡∏°‡πà‡∏£‡∏π‡πâ‡∏à‡∏£‡∏¥‡∏á‡∏´‡∏°‡πâ‡∏≤‡∏¢‡∏ô‡∏∞üòÅ,q
'‡∏ö‡∏¥‡πä‡∏Å‡∏ï‡πà‡∏≤‡∏¢' ‡πÄ‡∏ú‡∏¢ ‡∏£‡∏π‡πâ‡∏™‡∏∂‡∏Å‡πÄ‡∏à‡πá‡∏ö‡∏õ‡∏ß‡∏î ‡∏´‡∏•‡∏±‡∏á ‡∏ï‡∏£.‡∏ñ‡∏π‡∏Å‡πÇ‡∏à‡∏°‡∏ï‡∏µ ‡πÄ‡∏õ‡πá‡∏ô‡∏≠‡∏á‡∏Ñ‡πå‡∏Å‡∏£‡∏≠‡∏≤‡∏ä‡∏ç‡∏≤‡∏Å‡∏£‡∏£‡∏°‡∏Ç‡∏ô‡∏≤‡∏î‡πÉ‡∏´‡∏ç‡πà‡πÉ‡∏ô‡πÑ‡∏ó‡∏¢,‡∏ï‡∏≥‡∏£‡∏ß‡∏à‡πÄ‡∏•‡∏ß‡∏Å‡πá‡πÄ‡∏¢‡∏≠‡∏∞‡∏ï‡∏≥‡∏£‡∏ß‡∏à‡∏î‡∏µ‡∏Å‡πá‡∏°‡∏µ,neu
'‡∏ö‡∏¥‡πä‡∏Å‡∏ï‡πà‡∏≤‡∏¢' ‡πÄ‡∏ú‡∏¢ ‡∏£‡∏π‡πâ‡∏™‡∏∂‡∏Å‡πÄ‡∏à‡πá‡∏ö‡∏õ‡∏ß‡∏î ‡∏´‡∏•‡∏±‡∏á ‡∏ï‡∏£.‡∏ñ‡∏π‡∏Å‡πÇ‡∏à‡∏°‡∏ï‡∏µ ‡πÄ‡∏õ‡πá‡∏ô‡∏≠‡∏á‡∏Ñ‡πå‡∏Å‡∏£‡∏≠‡∏≤‡∏ä‡∏ç‡∏≤‡∏Å‡∏£‡∏£‡∏°‡∏Ç‡∏ô‡∏≤‡∏î‡πÉ‡∏´‡∏ç‡πà‡πÉ‡∏ô‡πÑ‡∏ó‡∏¢,‡πÇ‡∏à‡∏£‡πÉ‡∏ô‡πÄ‡∏Ñ‡∏£‡∏∑‡πà‡∏≠‡∏á‡πÅ‡∏ö‡∏ö‡∏Å‡πá‡∏°‡∏µ‡πÇ‡∏à‡∏£‡∏ô‡∏≠‡∏Å‡πÄ‡∏Ñ‡∏£‡∏∑‡πà‡∏≠‡∏á‡πÅ‡∏ö‡∏ö‡∏Å‡πá‡∏°‡∏µ‡∏Ñ‡∏£‡∏±‡∏ö‡∏ó‡πà‡∏≤‡∏ô‡πÄ‡∏ú‡∏∑‡πà‡∏≠‡∏ó‡πà‡∏≤‡∏ô‡∏¢‡∏±‡∏á‡πÑ‡∏°‡πà‡∏£‡∏π‡πâ,neg
'‡∏ö‡∏¥‡πä‡∏Å‡∏ï‡πà‡∏≤‡∏¢' ‡πÄ‡∏ú‡∏¢ ‡∏£‡∏π‡πâ‡∏™‡∏∂‡∏Å‡πÄ‡∏à‡πá‡∏ö‡∏õ‡∏ß‡∏î ‡∏´‡∏•‡∏±‡∏á ‡∏ï‡∏£.‡∏ñ‡∏π‡∏Å‡πÇ‡∏à‡∏°‡∏ï‡∏µ ‡πÄ‡∏õ‡πá‡∏ô‡∏≠‡∏á‡∏Ñ‡πå‡∏Å‡∏£‡∏≠‡∏≤‡∏ä‡∏ç‡∏≤‡∏Å‡∏£‡∏£‡∏°‡∏Ç‡∏ô‡∏≤‡∏î‡πÉ‡∏´‡∏ç‡πà‡πÉ‡∏ô‡πÑ‡∏ó‡∏¢,‡∏£‡πâ‡∏≠‡∏¢‡∏Ñ‡∏ô‡πÄ‡∏õ‡πá‡∏ô ‡∏°‡∏µ‡∏î‡∏µ ‡∏™‡∏±‡∏Å1‡∏Ñ‡∏ô‡πÄ‡∏õ‡πá‡∏ô‡∏ö‡∏∏‡∏ç‡πÅ‡∏î‡πà‡πÅ‡∏ú‡πà‡∏ô‡∏î‡∏¥‡∏ô‡πÅ‡∏•‡πâ‡∏ß‡πÅ‡∏ï‡πà‡∏ä‡∏≤‡∏ï‡∏¥‡∏ô‡∏µ‡πâ‡∏ù‡∏±‡∏ô‡πÄ‡∏≠‡∏≤,neg
'‡∏ö‡∏¥‡πä‡∏Å‡∏ï‡πà‡∏≤‡∏¢' ‡πÄ‡∏ú‡∏¢ ‡∏£‡∏π‡πâ‡∏™‡∏∂‡∏Å‡πÄ‡∏à‡πá‡∏ö‡∏õ‡∏ß‡∏î ‡∏´‡∏•‡∏±‡∏á ‡∏ï‡∏£.‡∏ñ‡∏π‡∏Å‡πÇ‡∏à‡∏°‡∏ï‡∏µ ‡πÄ‡∏õ‡πá‡∏ô‡∏≠‡∏á‡∏Ñ‡πå‡∏Å‡∏£‡∏≠‡∏≤‡∏ä‡∏ç‡∏≤‡∏Å‡∏£‡∏£‡∏°‡∏Ç‡∏ô‡∏≤‡∏î‡πÉ‡∏´‡∏ç‡πà‡πÉ‡∏ô‡πÑ‡∏ó‡∏¢,‡πÑ‡∏≠‡πà‡∏û‡∏ß‡∏Å‡∏°‡∏µ‡∏ú‡∏•‡∏õ‡∏£‡∏∞‡πÇ‡∏¢‡∏ä‡∏ô‡πå‡∏™‡πà‡∏ß‡∏ô‡∏ï‡∏±‡∏ß ‡∏£‡∏±‡∏ö‡πÑ‡∏°‡πà‡πÑ‡∏î‡πâ ‡∏ä‡∏±‡πâ‡∏ô‡∏ú‡∏π‡πâ‡∏ô‡πâ‡∏≠‡∏¢‡πÄ‡∏Ç‡∏≤‡πÑ‡∏°‡πà‡πÄ‡∏Å‡∏µ‡πà‡∏¢‡∏ß ‡∏≠‡∏¢‡πà‡∏≤‡πÄ‡∏´‡∏°‡∏≤‡∏£‡∏ß‡∏°,neg
'‡∏ö‡∏¥‡πä‡∏Å‡∏ï‡πà‡∏≤‡∏¢' ‡πÄ‡∏ú‡∏¢ ‡∏£‡∏π‡πâ‡∏™‡∏∂‡∏Å‡πÄ‡∏à‡πá‡∏ö‡∏õ‡∏ß‡∏î ‡∏´‡∏•‡∏±‡∏á ‡∏ï‡∏£.‡∏ñ‡∏π‡∏Å‡πÇ‡∏à‡∏°‡∏ï‡∏µ ‡πÄ‡∏õ‡πá‡∏ô‡∏≠‡∏á‡∏Ñ‡πå‡∏Å‡∏£‡∏≠‡∏≤‡∏ä‡∏ç‡∏≤‡∏Å‡∏£‡∏£‡∏°‡∏Ç‡∏ô‡∏≤‡∏î‡πÉ‡∏´‡∏ç‡πà‡πÉ‡∏ô‡πÑ‡∏ó‡∏¢,‡∏ó‡∏≥‡∏Å‡∏±‡∏ô‡πÄ‡∏≠‡∏á‡∏ó‡∏±‡πâ‡∏á‡∏ô‡∏±‡πâ‡∏ô,neg
'‡∏ö‡∏¥‡πä‡∏Å‡∏ï‡πà‡∏≤‡∏¢' ‡πÄ‡∏ú‡∏¢ ‡∏£‡∏π‡πâ‡∏™‡∏∂‡∏Å‡πÄ‡∏à‡πá‡∏ö‡∏õ‡∏ß‡∏î ‡∏´‡∏•‡∏±‡∏á ‡∏ï‡∏£.‡∏ñ‡∏π‡∏Å‡πÇ‡∏à‡∏°‡∏ï‡∏µ ‡πÄ‡∏õ‡πá‡∏ô‡∏≠‡∏á‡∏Ñ‡πå‡∏Å‡∏£‡∏≠‡∏≤‡∏ä‡∏ç‡∏≤‡∏Å‡∏£‡∏£‡∏°‡∏Ç‡∏ô‡∏≤‡∏î‡πÉ‡∏´‡∏ç‡πà‡πÉ‡∏ô‡πÑ‡∏ó‡∏¢,‡∏°‡∏±‡∏ô‡∏Ñ‡∏∑‡∏≠‡πÄ‡∏£‡∏∑‡πà‡∏≠‡∏á‡∏à‡∏£‡∏¥‡∏á,neu
'‡∏ö‡∏¥‡πä‡∏Å‡∏ï‡πà‡∏≤‡∏¢' ‡πÄ‡∏ú‡∏¢ ‡∏£‡∏π‡πâ‡∏™‡∏∂‡∏Å‡πÄ‡∏à‡πá‡∏ö‡∏õ‡∏ß‡∏î ‡∏´‡∏•‡∏±‡∏á ‡∏ï‡∏£.‡∏ñ‡∏π‡∏Å‡πÇ‡∏à‡∏°‡∏ï‡∏µ ‡πÄ‡∏õ‡πá‡∏ô‡∏≠‡∏á‡∏Ñ‡πå‡∏Å‡∏£‡∏≠‡∏≤‡∏ä‡∏ç‡∏≤‡∏Å‡∏£‡∏£‡∏°‡∏Ç‡∏ô‡∏≤‡∏î‡πÉ‡∏´‡∏ç‡πà‡πÉ‡∏ô‡πÑ‡∏ó‡∏¢,‡∏Ç‡∏≠‡πÇ‡∏ó‡∏©‡∏ô‡∏∞‡∏Ñ‡∏±‡∏ö ‡πÅ‡∏•‡πâ‡∏ß‡∏ó‡πà‡∏≤‡∏ô‡πÄ‡∏õ‡πá‡∏ô‡∏ï‡∏≥‡∏£‡∏ß‡∏à‡∏ó‡∏µ‡πà‡πÑ‡∏´‡∏ô‡πÉ‡∏´‡∏ç‡πà‡πÇ‡∏ï‡∏°‡∏≤‡πÑ‡∏î‡πâ‡∏à‡∏ô‡∏ñ‡∏∂‡∏á‡∏ó‡∏∏‡∏Å‡∏ß‡∏±‡∏ô‡∏ô‡∏µ‡πâ‡∏ó‡∏≥‡πÑ‡∏°‡πÑ‡∏°‡πà‡∏£‡∏π‡πâ‡πÑ‡∏°‡πà‡πÄ‡∏´‡πá‡∏ô‡∏≠‡∏∞‡πÑ‡∏£‡πÄ‡∏•‡∏¢‡πÄ‡∏´‡∏£‡∏≠ ‡∏´‡∏£‡∏∑‡∏≠‡∏ß‡πà‡∏≤‡πÅ‡∏Å‡∏•‡πâ‡∏á‡πÇ‡∏á‡πà555,neg
'‡∏ö‡∏¥‡πä‡∏Å‡∏ï‡πà‡∏≤‡∏¢' ‡πÄ‡∏ú‡∏¢ ‡∏£‡∏π‡πâ‡∏™‡∏∂‡∏Å‡πÄ‡∏à‡πá‡∏ö‡∏õ‡∏ß‡∏î ‡∏´‡∏•‡∏±‡∏á ‡∏ï‡∏£.‡∏ñ‡∏π‡∏Å‡πÇ‡∏à‡∏°‡∏ï‡∏µ ‡πÄ‡∏õ‡πá‡∏ô‡∏≠‡∏á‡∏Ñ‡πå‡∏Å‡∏£‡∏≠‡∏≤‡∏ä‡∏ç‡∏≤‡∏Å‡∏£‡∏£‡∏°‡∏Ç‡∏ô‡∏≤‡∏î‡πÉ‡∏´‡∏ç‡πà‡πÉ‡∏ô‡πÑ‡∏ó‡∏¢,‡∏õ‡∏£‡∏∞‡∏ä‡∏≤‡∏ä‡∏ô‡πÄ‡∏Ç‡∏≤‡πÄ‡∏à‡πá‡∏ö‡∏õ‡∏ß‡∏î‡∏°‡∏≤‡∏ô‡∏≤‡∏ô‡∏Å‡∏ß‡πà‡∏≤‡∏ó‡πà‡∏≤‡∏ô‡πÄ‡∏¢‡∏≠‡∏∞‡∏Ñ‡∏£‡∏±‡∏ö,neg
'‡∏ö‡∏¥‡πä‡∏Å‡∏ï‡πà‡∏≤‡∏¢' ‡πÄ‡∏ú‡∏¢ ‡∏£‡∏π‡πâ‡∏™‡∏∂‡∏Å‡πÄ‡∏à‡πá‡∏ö‡∏õ‡∏ß‡∏î ‡∏´‡∏•‡∏±‡∏á ‡∏ï‡∏£.‡∏ñ‡∏π‡∏Å‡πÇ‡∏à‡∏°‡∏ï‡∏µ ‡πÄ‡∏õ‡πá‡∏ô‡∏≠‡∏á‡∏Ñ‡πå‡∏Å‡∏£‡∏≠‡∏≤‡∏ä‡∏ç‡∏≤‡∏Å‡∏£‡∏£‡∏°‡∏Ç‡∏ô‡∏≤‡∏î‡πÉ‡∏´‡∏ç‡πà‡πÉ‡∏ô‡πÑ‡∏ó‡∏¢,‡∏Å‡πâ‡∏ï‡∏≥‡∏£‡∏ß‡∏à‡∏ô‡∏±‡πâ‡∏ô‡πÅ‡∏´‡∏•‡∏∞‡∏ó‡∏≥‡πÄ‡∏≠‡∏á ‡πÄ‡∏´‡∏°‡∏∑‡∏≠‡∏ô‡∏õ‡∏£‡∏∞‡∏ä‡∏≤‡∏ä‡∏ô‡πÑ‡∏°‡∏≤‡∏£‡∏π‡πâ ‡πÅ‡∏ï‡πà‡∏õ‡∏£‡∏∞‡∏ä‡∏≤‡∏ä‡∏ô‡∏û‡∏π‡∏î‡πÑ‡∏°‡πà‡πÑ‡∏î‡πâ,neg
'‡∏ö‡∏¥‡πä‡∏Å‡∏ï‡πà‡∏≤‡∏¢' ‡πÄ‡∏ú‡∏¢ ‡∏£‡∏π‡πâ‡∏™‡∏∂‡∏Å‡πÄ‡∏à‡πá‡∏ö‡∏õ‡∏ß‡∏î ‡∏´‡∏•‡∏±‡∏á ‡∏ï‡∏£.‡∏ñ‡∏π‡∏Å‡πÇ‡∏à‡∏°‡∏ï‡∏µ ‡πÄ‡∏õ‡πá‡∏ô‡∏≠‡∏á‡∏Ñ‡πå‡∏Å‡∏£‡∏≠‡∏≤‡∏ä‡∏ç‡∏≤‡∏Å‡∏£‡∏£‡∏°‡∏Ç‡∏ô‡∏≤‡∏î‡πÉ‡∏´‡∏ç‡πà‡πÉ‡∏ô‡πÑ‡∏ó‡∏¢,‡∏≠‡∏á‡∏Ñ‡πå‡∏Å‡∏£ ‡∏ó‡∏µ‡πà‡∏ä‡∏±‡πà‡∏ß‡∏ó‡∏µ‡πà‡∏™‡∏∏‡∏î,neg
'‡∏ö‡∏¥‡πä‡∏Å‡∏ï‡πà‡∏≤‡∏¢' ‡πÄ‡∏ú‡∏¢ ‡∏£‡∏π‡πâ‡∏™‡∏∂‡∏Å‡πÄ‡∏à‡πá‡∏ö‡∏õ‡∏ß‡∏î ‡∏´‡∏•‡∏±‡∏á ‡∏ï‡∏£.‡∏ñ‡∏π‡∏Å‡πÇ‡∏à‡∏°‡∏ï‡∏µ ‡πÄ‡∏õ‡πá‡∏ô‡∏≠‡∏á‡∏Ñ‡πå‡∏Å‡∏£‡∏≠‡∏≤‡∏ä‡∏ç‡∏≤‡∏Å‡∏£‡∏£‡∏°‡∏Ç‡∏ô‡∏≤‡∏î‡πÉ‡∏´‡∏ç‡πà‡πÉ‡∏ô‡πÑ‡∏ó‡∏¢,‡∏î‡∏µ10%,neg
'‡∏ö‡∏¥‡πä‡∏Å‡∏ï‡πà‡∏≤‡∏¢' ‡πÄ‡∏ú‡∏¢ ‡∏£‡∏π‡πâ‡∏™‡∏∂‡∏Å‡πÄ‡∏à‡πá‡∏ö‡∏õ‡∏ß‡∏î ‡∏´‡∏•‡∏±‡∏á ‡∏ï‡∏£.‡∏ñ‡∏π‡∏Å‡πÇ‡∏à‡∏°‡∏ï‡∏µ ‡πÄ‡∏õ‡πá‡∏ô‡∏≠‡∏á‡∏Ñ‡πå‡∏Å‡∏£‡∏≠‡∏≤‡∏ä‡∏ç‡∏≤‡∏Å‡∏£‡∏£‡∏°‡∏Ç‡∏ô‡∏≤‡∏î‡πÉ‡∏´‡∏ç‡πà‡πÉ‡∏ô‡πÑ‡∏ó‡∏¢,‡πÄ‡∏à‡πá‡∏ö‡∏õ‡∏ß‡∏î‡∏ó‡∏µ‡πà‡πÄ‡∏Ç‡∏≤‡πÄ‡∏≠‡∏≤‡∏ï‡∏ß‡∏≤‡∏°‡∏à‡∏£‡∏¥‡∏á‡∏°‡∏≤‡πÄ‡∏õ‡∏¥‡∏î‡πÄ‡∏ú‡∏¢,neu
'‡∏ö‡∏¥‡πä‡∏Å‡∏ï‡πà‡∏≤‡∏¢' ‡πÄ‡∏ú‡∏¢ ‡∏£‡∏π‡πâ‡∏™‡∏∂‡∏Å‡πÄ‡∏à‡πá‡∏ö‡∏õ‡∏ß‡∏î ‡∏´‡∏•‡∏±‡∏á ‡∏ï‡∏£.‡∏ñ‡∏π‡∏Å‡πÇ‡∏à‡∏°‡∏ï‡∏µ ‡πÄ‡∏õ‡πá‡∏ô‡∏≠‡∏á‡∏Ñ‡πå‡∏Å‡∏£‡∏≠‡∏≤‡∏ä‡∏ç‡∏≤‡∏Å‡∏£‡∏£‡∏°‡∏Ç‡∏ô‡∏≤‡∏î‡πÉ‡∏´‡∏ç‡πà‡πÉ‡∏ô‡πÑ‡∏ó‡∏¢,‡πÇ‡∏à‡∏£‡∏ñ‡∏π‡∏Å‡∏Å‡∏é‡∏´‡∏°‡∏≤‡∏¢,neg
'‡∏ö‡∏¥‡πä‡∏Å‡∏ï‡πà‡∏≤‡∏¢' ‡πÄ‡∏ú‡∏¢ ‡∏£‡∏π‡πâ‡∏™‡∏∂‡∏Å‡πÄ‡∏à‡πá‡∏ö‡∏õ‡∏ß‡∏î ‡∏´‡∏•‡∏±‡∏á ‡∏ï‡∏£.‡∏ñ‡∏π‡∏Å‡πÇ‡∏à‡∏°‡∏ï‡∏µ ‡πÄ‡∏õ‡πá‡∏ô‡∏≠‡∏á‡∏Ñ‡πå‡∏Å‡∏£‡∏≠‡∏≤‡∏ä‡∏ç‡∏≤‡∏Å‡∏£‡∏£‡∏°‡∏Ç‡∏ô‡∏≤‡∏î‡πÉ‡∏´‡∏ç‡πà‡πÉ‡∏ô‡πÑ‡∏ó‡∏¢,‡∏•‡∏≤‡∏Å‡∏°‡∏≤‡πÉ‡∏´‡πâ‡∏´‡∏°‡∏î‡∏Ñ‡∏£‡∏±‡∏ö ‡∏Ç‡πâ‡∏≤‡∏ß‡∏ï‡πâ‡∏°,neg
'‡∏ö‡∏¥‡πä‡∏Å‡∏ï‡πà‡∏≤‡∏¢' ‡πÄ‡∏ú‡∏¢ ‡∏£‡∏π‡πâ‡∏™‡∏∂‡∏Å‡πÄ‡∏à‡πá‡∏ö‡∏õ‡∏ß‡∏î ‡∏´‡∏•‡∏±‡∏á ‡∏ï‡∏£.‡∏ñ‡∏π‡∏Å‡πÇ‡∏à‡∏°‡∏ï‡∏µ ‡πÄ‡∏õ‡πá‡∏ô‡∏≠‡∏á‡∏Ñ‡πå‡∏Å‡∏£‡∏≠‡∏≤‡∏ä‡∏ç‡∏≤‡∏Å‡∏£‡∏£‡∏°‡∏Ç‡∏ô‡∏≤‡∏î‡πÉ‡∏´‡∏ç‡πà‡πÉ‡∏ô‡πÑ‡∏ó‡∏¢,‡∏ó‡πà‡∏≤‡∏ô ‡∏ï‡πâ‡∏≠‡∏á‡∏£‡πâ‡∏≠‡∏á‡πÉ‡∏´‡πâ ‡∏°‡∏µ‡∏ô‡πâ‡∏≥‡∏ï‡∏≤‡∏≠‡∏≠‡∏Å‡∏°‡∏≤ ‡∏Ñ‡∏ô‡∏ñ‡∏∂‡∏á‡∏à‡∏∞‡πÄ‡∏ä‡∏∑‡πà‡∏≠ ‡∏Ñ‡∏±‡∏ö ‡∏ó‡πà‡∏≤‡∏ô,neu
'‡∏ö‡∏¥‡πä‡∏Å‡∏ï‡πà‡∏≤‡∏¢' ‡πÄ‡∏ú‡∏¢ ‡∏£‡∏π‡πâ‡∏™‡∏∂‡∏Å‡πÄ‡∏à‡πá‡∏ö‡∏õ‡∏ß‡∏î ‡∏´‡∏•‡∏±‡∏á ‡∏ï‡∏£.‡∏ñ‡∏π‡∏Å‡πÇ‡∏à‡∏°‡∏ï‡∏µ ‡πÄ‡∏õ‡πá‡∏ô‡∏≠‡∏á‡∏Ñ‡πå‡∏Å‡∏£‡∏≠‡∏≤‡∏ä‡∏ç‡∏≤‡∏Å‡∏£‡∏£‡∏°‡∏Ç‡∏ô‡∏≤‡∏î‡πÉ‡∏´‡∏ç‡πà‡πÉ‡∏ô‡πÑ‡∏ó‡∏¢,‡∏™‡πà‡∏ß‡∏¢‡∏´‡∏•‡∏≤‡∏¢‡∏≠‡∏¢‡πà‡∏≤‡∏á‡∏Ñ‡∏£‡∏±‡∏ö‡∏ó‡πà‡∏≤‡∏ô,neu
'‡∏ö‡∏¥‡πä‡∏Å‡∏ï‡πà‡∏≤‡∏¢' ‡πÄ‡∏ú‡∏¢ ‡∏£‡∏π‡πâ‡∏™‡∏∂‡∏Å‡πÄ‡∏à‡πá‡∏ö‡∏õ‡∏ß‡∏î ‡∏´‡∏•‡∏±‡∏á ‡∏ï‡∏£.‡∏ñ‡∏π‡∏Å‡πÇ‡∏à‡∏°‡∏ï‡∏µ ‡πÄ‡∏õ‡πá‡∏ô‡∏≠‡∏á‡∏Ñ‡πå‡∏Å‡∏£‡∏≠‡∏≤‡∏ä‡∏ç‡∏≤‡∏Å‡∏£‡∏£‡∏°‡∏Ç‡∏ô‡∏≤‡∏î‡πÉ‡∏´‡∏ç‡πà‡πÉ‡∏ô‡πÑ‡∏ó‡∏¢,‡∏ñ‡πâ‡∏≤‡∏î‡∏µ‡∏à‡∏£‡∏¥‡∏á ‡∏Å‡∏•‡∏±‡∏ß‡∏≠‡∏∞‡πÑ‡∏£‡∏•‡πà‡∏∞‡∏ó‡πà‡∏≤‡∏ô ‡∏Å‡πá‡∏£‡∏π‡πâ‡∏≠‡∏¢‡∏π‡πà‡πÅ‡∏Å‡πà‡πÉ‡∏à ‡∏´‡∏∂‡∏´‡∏∂,neg
'‡∏ö‡∏¥‡πä‡∏Å‡∏ï‡πà‡∏≤‡∏¢' ‡πÄ‡∏ú‡∏¢ ‡∏£‡∏π‡πâ‡∏™‡∏∂‡∏Å‡πÄ‡∏à‡πá‡∏ö‡∏õ‡∏ß‡∏î ‡∏´‡∏•‡∏±‡∏á ‡∏ï‡∏£.‡∏ñ‡∏π‡∏Å‡πÇ‡∏à‡∏°‡∏ï‡∏µ ‡πÄ‡∏õ‡πá‡∏ô‡∏≠‡∏á‡∏Ñ‡πå‡∏Å‡∏£‡∏≠‡∏≤‡∏ä‡∏ç‡∏≤‡∏Å‡∏£‡∏£‡∏°‡∏Ç‡∏ô‡∏≤‡∏î‡πÉ‡∏´‡∏ç‡πà‡πÉ‡∏ô‡πÑ‡∏ó‡∏¢,‡∏Ñ‡∏ô‡∏ô‡∏≠‡∏Å‡∏Å‡πá‡∏£‡∏±‡∏ö‡πÑ‡∏°‡πà‡πÑ‡∏î‡πâ‡πÄ‡∏ä‡πà‡∏ô‡∏Å‡∏±‡∏ô..‡∏û‡∏π‡∏î‡πÉ‡∏ô‡∏ê‡∏≤‡∏ô‡∏∞‡∏Ñ‡∏ô‡πÄ‡∏Ñ‡∏¢‡∏≠‡∏¢‡∏π‡πà‡πÉ‡∏ô‡∏≠‡∏á‡∏Ñ‡πå‡∏Å‡∏£‡∏ô‡∏µ‡πâ‡∏à‡∏∂‡∏á‡∏£‡∏π‡πâ‡πÄ‡∏´‡πá‡∏ô‡∏ò‡∏≤‡∏ï‡∏∏‡πÅ‡∏ó‡πâ‡∏≠‡∏á‡∏Ñ‡πå‡∏Å‡∏£‡∏ô‡∏µ‡πâ‡∏ß‡πà‡∏≤‡πÄ‡∏•‡∏∞‡πÄ‡∏ó‡∏∞‡∏Å‡∏±‡∏ô‡∏¢‡∏±‡∏á‡πÑ‡∏á.,neg
'‡∏ö‡∏¥‡πä‡∏Å‡∏ï‡πà‡∏≤‡∏¢' ‡πÄ‡∏ú‡∏¢ ‡∏£‡∏π‡πâ‡∏™‡∏∂‡∏Å‡πÄ‡∏à‡πá‡∏ö‡∏õ‡∏ß‡∏î ‡∏´‡∏•‡∏±‡∏á ‡∏ï‡∏£.‡∏ñ‡∏π‡∏Å‡πÇ‡∏à‡∏°‡∏ï‡∏µ ‡πÄ‡∏õ‡πá‡∏ô‡∏≠‡∏á‡∏Ñ‡πå‡∏Å‡∏£‡∏≠‡∏≤‡∏ä‡∏ç‡∏≤‡∏Å‡∏£‡∏£‡∏°‡∏Ç‡∏ô‡∏≤‡∏î‡πÉ‡∏´‡∏ç‡πà‡πÉ‡∏ô‡πÑ‡∏ó‡∏¢,‡∏ï‡πâ‡∏≠‡∏á‡∏°‡∏µ‡∏°‡∏π‡∏•‡πÅ‡∏´‡∏•‡∏∞‡∏ú‡∏π‡πâ‡∏£‡∏±‡∏Å‡∏©‡∏≤‡∏Å‡∏è‡∏´‡∏°‡∏≤‡∏¢‡∏ï‡πâ‡∏≠‡∏á‡∏Å‡∏•‡πâ‡∏≤‡∏ï‡∏£‡∏ß‡∏à‡∏™‡∏≠‡∏ö‡∏Ñ‡∏∞,neu
'‡∏ö‡∏¥‡πä‡∏Å‡∏ï‡πà‡∏≤‡∏¢' ‡πÄ‡∏ú‡∏¢ ‡∏£‡∏π‡πâ‡∏™‡∏∂‡∏Å‡πÄ‡∏à‡πá‡∏ö‡∏õ‡∏ß‡∏î ‡∏´‡∏•‡∏±‡∏á ‡∏ï‡∏£.‡∏ñ‡∏π‡∏Å‡πÇ‡∏à‡∏°‡∏ï‡∏µ ‡πÄ‡∏õ‡πá‡∏ô‡∏≠‡∏á‡∏Ñ‡πå‡∏Å‡∏£‡∏≠‡∏≤‡∏ä‡∏ç‡∏≤‡∏Å‡∏£‡∏£‡∏°‡∏Ç‡∏ô‡∏≤‡∏î‡πÉ‡∏´‡∏ç‡πà‡πÉ‡∏ô‡πÑ‡∏ó‡∏¢,‡∏Ñ‡∏ô‡∏£‡∏π‡πâ‡∏ó‡∏±‡πà‡∏ß‡πÑ‡∏ó‡∏¢‡πÅ‡∏•‡πâ‡∏ß,neu
'‡∏ö‡∏¥‡πä‡∏Å‡∏ï‡πà‡∏≤‡∏¢' ‡πÄ‡∏ú‡∏¢ ‡∏£‡∏π‡πâ‡∏™‡∏∂‡∏Å‡πÄ‡∏à‡πá‡∏ö‡∏õ‡∏ß‡∏î ‡∏´‡∏•‡∏±‡∏á ‡∏ï‡∏£.‡∏ñ‡∏π‡∏Å‡πÇ‡∏à‡∏°‡∏ï‡∏µ ‡πÄ‡∏õ‡πá‡∏ô‡∏≠‡∏á‡∏Ñ‡πå‡∏Å‡∏£‡∏≠‡∏≤‡∏ä‡∏ç‡∏≤‡∏Å‡∏£‡∏£‡∏°‡∏Ç‡∏ô‡∏≤‡∏î‡πÉ‡∏´‡∏ç‡πà‡πÉ‡∏ô‡πÑ‡∏ó‡∏¢,‡∏ó‡∏≥‡πÄ‡∏õ‡πá‡∏ô‡∏£‡∏±‡∏ö‡πÑ‡∏°‡πà‡πÑ‡∏î‡πâ..‡∏ñ‡∏∏‡∏¢‡∏¢‡∏¢,neg
'‡∏ö‡∏¥‡πä‡∏Å‡∏ï‡πà‡∏≤‡∏¢' ‡πÄ‡∏ú‡∏¢ ‡∏£‡∏π‡πâ‡∏™‡∏∂‡∏Å‡πÄ‡∏à‡πá‡∏ö‡∏õ‡∏ß‡∏î ‡∏´‡∏•‡∏±‡∏á ‡∏ï‡∏£.‡∏ñ‡∏π‡∏Å‡πÇ‡∏à‡∏°‡∏ï‡∏µ ‡πÄ‡∏õ‡πá‡∏ô‡∏≠‡∏á‡∏Ñ‡πå‡∏Å‡∏£‡∏≠‡∏≤‡∏ä‡∏ç‡∏≤‡∏Å‡∏£‡∏£‡∏°‡∏Ç‡∏ô‡∏≤‡∏î‡πÉ‡∏´‡∏ç‡πà‡πÉ‡∏ô‡πÑ‡∏ó‡∏¢,‡∏ó‡∏≥‡∏ï‡∏±‡∏ß‡πÅ‡∏´‡∏•‡∏∞ ‡πÅ‡∏ñ‡∏ß‡∏ö‡πâ‡∏≤‡∏ô‡∏ô‡∏≠‡∏Å‡∏Å‡πá‡∏°‡∏µ‡πÄ‡∏≠‡∏µ‡πà‡∏¢‡∏ß ‡∏ä‡∏≤‡∏ß‡∏ö‡πâ‡∏≤‡∏ô‡∏£‡∏π‡πâ‡∏Å‡∏±‡∏ô,neg
'‡∏ö‡∏¥‡πä‡∏Å‡∏ï‡πà‡∏≤‡∏¢' ‡πÄ‡∏ú‡∏¢ ‡∏£‡∏π‡πâ‡∏™‡∏∂‡∏Å‡πÄ‡∏à‡πá‡∏ö‡∏õ‡∏ß‡∏î ‡∏´‡∏•‡∏±‡∏á ‡∏ï‡∏£.‡∏ñ‡∏π‡∏Å‡πÇ‡∏à‡∏°‡∏ï‡∏µ ‡πÄ‡∏õ‡πá‡∏ô‡∏≠‡∏á‡∏Ñ‡πå‡∏Å‡∏£‡∏≠‡∏≤‡∏ä‡∏ç‡∏≤‡∏Å‡∏£‡∏£‡∏°‡∏Ç‡∏ô‡∏≤‡∏î‡πÉ‡∏´‡∏ç‡πà‡πÉ‡∏ô‡πÑ‡∏ó‡∏¢,‡∏£‡∏±‡∏ö‡πÑ‡∏°‡πà‡πÑ‡∏î‡πâ‡∏´‡∏£‡∏µ‡∏≠,q
'‡∏ö‡∏¥‡πä‡∏Å‡∏ï‡πà‡∏≤‡∏¢' ‡πÄ‡∏ú‡∏¢ ‡∏£‡∏π‡πâ‡∏™‡∏∂‡∏Å‡πÄ‡∏à‡πá‡∏ö‡∏õ‡∏ß‡∏î ‡∏´‡∏•‡∏±‡∏á ‡∏ï‡∏£.‡∏ñ‡∏π‡∏Å‡πÇ‡∏à‡∏°‡∏ï‡∏µ ‡πÄ‡∏õ‡πá‡∏ô‡∏≠‡∏á‡∏Ñ‡πå‡∏Å‡∏£‡∏≠‡∏≤‡∏ä‡∏ç‡∏≤‡∏Å‡∏£‡∏£‡∏°‡∏Ç‡∏ô‡∏≤‡∏î‡πÉ‡∏´‡∏ç‡πà‡πÉ‡∏ô‡πÑ‡∏ó‡∏¢,‡∏ï‡∏≥‡∏£‡∏ß‡∏à‡∏£‡∏∞‡∏¢‡∏≥,neg
'‡∏ö‡∏¥‡πä‡∏Å‡∏ï‡πà‡∏≤‡∏¢' ‡πÄ‡∏ú‡∏¢ ‡∏£‡∏π‡πâ‡∏™‡∏∂‡∏Å‡πÄ‡∏à‡πá‡∏ö‡∏õ‡∏ß‡∏î ‡∏´‡∏•‡∏±‡∏á ‡∏ï‡∏£.‡∏ñ‡∏π‡∏Å‡πÇ‡∏à‡∏°‡∏ï‡∏µ ‡πÄ‡∏õ‡πá‡∏ô‡∏≠‡∏á‡∏Ñ‡πå‡∏Å‡∏£‡∏≠‡∏≤‡∏ä‡∏ç‡∏≤‡∏Å‡∏£‡∏£‡∏°‡∏Ç‡∏ô‡∏≤‡∏î‡πÉ‡∏´‡∏ç‡πà‡πÉ‡∏ô‡πÑ‡∏ó‡∏¢,‡∏û‡∏ß‡∏Å‡∏ó‡πà‡∏≤‡∏ô‡∏Å‡πá‡πÅ‡∏Å‡πâ‡πÑ‡∏Ç‡∏ã‡∏¥‡∏ï‡∏≤‡∏°‡∏à‡∏±‡∏ö‡∏Ñ‡∏ô‡∏ó‡∏µ‡πà‡∏ó‡∏≥‡πÑ‡∏°‡πà‡πÉ‡∏ä‡πà‡∏à‡∏∞‡∏°‡∏≤‡πÅ‡∏Å‡πâ‡∏ï‡∏±‡∏ß‡πÅ‡∏ö‡∏ö‡∏û‡∏π‡∏î‡∏•‡∏≠‡∏¢‡πÜ,neg
'‡∏ö‡∏¥‡πä‡∏Å‡∏ï‡πà‡∏≤‡∏¢' ‡πÄ‡∏ú‡∏¢ ‡∏£‡∏π‡πâ‡∏™‡∏∂‡∏Å‡πÄ‡∏à‡πá‡∏ö‡∏õ‡∏ß‡∏î ‡∏´‡∏•‡∏±‡∏á ‡∏ï‡∏£.‡∏ñ‡∏π‡∏Å‡πÇ‡∏à‡∏°‡∏ï‡∏µ ‡πÄ‡∏õ‡πá‡∏ô‡∏≠‡∏á‡∏Ñ‡πå‡∏Å‡∏£‡∏≠‡∏≤‡∏ä‡∏ç‡∏≤‡∏Å‡∏£‡∏£‡∏°‡∏Ç‡∏ô‡∏≤‡∏î‡πÉ‡∏´‡∏ç‡πà‡πÉ‡∏ô‡πÑ‡∏ó‡∏¢,‡∏£‡∏±‡∏ö‡∏Ñ‡∏ß‡∏≤‡∏°‡∏à‡∏£‡∏¥‡∏á‡πÑ‡∏°‡πà‡πÑ‡∏î‡πâ‡∏Ñ‡∏ô‡πÉ‡∏ô‡πÄ‡∏õ‡∏¥‡∏î‡∏Ñ‡∏ß‡∏≤‡∏°‡∏•‡∏±‡∏ö‡πÅ‡∏â‡∏Å‡∏±‡∏ô‡πÄ‡∏≠‡∏á,neg
'‡∏ö‡∏¥‡πä‡∏Å‡∏ï‡πà‡∏≤‡∏¢' ‡πÄ‡∏ú‡∏¢ ‡∏£‡∏π‡πâ‡∏™‡∏∂‡∏Å‡πÄ‡∏à‡πá‡∏ö‡∏õ‡∏ß‡∏î ‡∏´‡∏•‡∏±‡∏á ‡∏ï‡∏£.‡∏ñ‡∏π‡∏Å‡πÇ‡∏à‡∏°‡∏ï‡∏µ ‡πÄ‡∏õ‡πá‡∏ô‡∏≠‡∏á‡∏Ñ‡πå‡∏Å‡∏£‡∏≠‡∏≤‡∏ä‡∏ç‡∏≤‡∏Å‡∏£‡∏£‡∏°‡∏Ç‡∏ô‡∏≤‡∏î‡πÉ‡∏´‡∏ç‡πà‡πÉ‡∏ô‡πÑ‡∏ó‡∏¢,‡πÄ‡∏£‡∏≤‡πÄ‡∏õ‡πá‡∏ô‡∏•‡∏π‡∏Å‡∏ú‡∏π‡πâ‡∏ä‡∏≤‡∏¢‡∏ï‡πâ‡∏≠‡∏á‡∏¢‡∏≠‡∏°‡∏£‡∏±‡∏ö‡∏Ñ‡∏ß‡∏≤‡∏°‡∏à‡∏£‡∏¥‡∏á‡∏ñ‡∏∂‡∏á‡∏°‡∏±‡∏ô‡∏à‡∏∞‡πÄ‡∏à‡πá‡∏ö‡∏õ‡∏ß‡∏î‡∏õ‡∏≤‡∏ô‡∏ï‡∏≤‡∏¢‡πÄ‡πÄ‡∏ï‡πà‡∏°‡∏±‡∏ô‡∏Ñ‡∏∑‡∏≠‡πÄ‡∏£‡∏∑‡πà‡∏≠‡∏á‡∏à‡∏£‡∏¥‡∏á‡∏ó‡∏µ‡πà‡∏õ‡∏£‡∏∞‡∏ä‡∏≤‡∏ä‡∏ô‡∏Ñ‡∏ô‡πÑ‡∏ó‡∏¢‡πÄ‡∏Ç‡∏≤‡∏£‡∏±‡∏ö‡∏£‡∏π‡πâ‡πÄ‡πÄ‡∏•‡∏∞‡∏ï‡∏±‡∏ß‡∏ï‡∏≥‡∏£‡∏ß‡∏à‡πÑ‡∏ó‡∏¢‡∏Å‡πá‡∏£‡∏π‡πâ‡∏î‡∏µ‡∏ß‡πà‡∏≤‡∏°‡∏±‡∏ô‡πÄ‡∏õ‡πá‡∏ô‡πÄ‡∏£‡∏∑‡πà‡∏≠‡∏á‡∏à‡∏£‡∏¥‡∏á‡πÑ‡∏°‡πà‡πÉ‡∏ä‡πà‡∏Ñ‡∏ô‡∏î‡∏µ‡πÑ‡∏°‡πà‡∏°‡∏µ‡∏°‡∏µ‡πÄ‡πÄ‡∏ï‡πà100‡∏à‡∏∞‡∏°‡∏µ‡∏Ñ‡∏ô‡∏î‡∏µ‡∏¢‡∏∏1-2‡∏Ñ‡∏ô,neu
'‡∏ö‡∏¥‡πä‡∏Å‡∏ï‡πà‡∏≤‡∏¢' ‡πÄ‡∏ú‡∏¢ ‡∏£‡∏π‡πâ‡∏™‡∏∂‡∏Å‡πÄ‡∏à‡πá‡∏ö‡∏õ‡∏ß‡∏î ‡∏´‡∏•‡∏±‡∏á ‡∏ï‡∏£.‡∏ñ‡∏π‡∏Å‡πÇ‡∏à‡∏°‡∏ï‡∏µ ‡πÄ‡∏õ‡πá‡∏ô‡∏≠‡∏á‡∏Ñ‡πå‡∏Å‡∏£‡∏≠‡∏≤‡∏ä‡∏ç‡∏≤‡∏Å‡∏£‡∏£‡∏°‡∏Ç‡∏ô‡∏≤‡∏î‡πÉ‡∏´‡∏ç‡πà‡πÉ‡∏ô‡πÑ‡∏ó‡∏¢,‡∏ñ‡πâ‡∏≤‡πÄ‡∏õ‡πá‡∏ô‡∏ú‡∏° ‡πÄ‡∏õ‡πá‡∏ô ‡∏ú‡∏ö. ‡∏°‡∏µ‡∏Ñ‡∏ô‡∏ß‡πà‡∏≤‡∏Å‡∏•‡πà‡∏≤‡∏ß‡πÅ‡∏ö‡∏ö‡∏ô‡∏µ‡πâ ‡∏ú‡∏°‡∏à‡∏∞‡∏ï‡∏£‡∏ß‡∏à‡∏™‡∏≠‡∏ö ‡∏ñ‡πâ‡∏≤‡∏°‡∏µ‡∏à‡∏£‡∏¥‡∏á ‡∏à‡∏±‡∏ö ‡πÑ‡∏•‡πà‡∏≠‡∏≠‡∏Å ‡∏ñ‡πâ‡∏≤‡∏ó‡∏≥‡πÅ‡∏ö‡∏ö‡∏ô‡∏µ‡πâ‡πÑ‡∏î‡πâ ‡πÅ‡∏Å‡πâ‡πÑ‡∏î‡πâ ‡∏ó‡πà‡∏≤‡∏ô‡πÄ‡∏õ‡πá‡∏ô‡∏Æ‡∏µ‡πÇ‡∏•‡πà ‡πÄ‡∏•‡∏¢ ‡∏Ç‡∏≠‡∏ö‡∏≠‡∏Å,pos
'‡∏ö‡∏¥‡πä‡∏Å‡∏ï‡πà‡∏≤‡∏¢' ‡πÄ‡∏ú‡∏¢ ‡∏£‡∏π‡πâ‡∏™‡∏∂‡∏Å‡πÄ‡∏à‡πá‡∏ö‡∏õ‡∏ß‡∏î ‡∏´‡∏•‡∏±‡∏á ‡∏ï‡∏£.‡∏ñ‡∏π‡∏Å‡πÇ‡∏à‡∏°‡∏ï‡∏µ ‡πÄ‡∏õ‡πá‡∏ô‡∏≠‡∏á‡∏Ñ‡πå‡∏Å‡∏£‡∏≠‡∏≤‡∏ä‡∏ç‡∏≤‡∏Å‡∏£‡∏£‡∏°‡∏Ç‡∏ô‡∏≤‡∏î‡πÉ‡∏´‡∏ç‡πà‡πÉ‡∏ô‡πÑ‡∏ó‡∏¢,‡∏ß‡∏±‡∏ß‡∏™‡∏±‡∏ô‡∏´‡∏•‡∏±‡∏á‡∏´‡∏ß‡∏∞,neg
'‡∏ö‡∏¥‡πä‡∏Å‡∏ï‡πà‡∏≤‡∏¢' ‡πÄ‡∏ú‡∏¢ ‡∏£‡∏π‡πâ‡∏™‡∏∂‡∏Å‡πÄ‡∏à‡πá‡∏ö‡∏õ‡∏ß‡∏î ‡∏´‡∏•‡∏±‡∏á ‡∏ï‡∏£.‡∏ñ‡∏π‡∏Å‡πÇ‡∏à‡∏°‡∏ï‡∏µ ‡πÄ‡∏õ‡πá‡∏ô‡∏≠‡∏á‡∏Ñ‡πå‡∏Å‡∏£‡∏≠‡∏≤‡∏ä‡∏ç‡∏≤‡∏Å‡∏£‡∏£‡∏°‡∏Ç‡∏ô‡∏≤‡∏î‡πÉ‡∏´‡∏ç‡πà‡πÉ‡∏ô‡πÑ‡∏ó‡∏¢,‡πÉ‡∏ä‡πà‡πÄ‡∏•‡∏¢‡∏¢,pos
'‡∏ö‡∏¥‡πä‡∏Å‡∏ï‡πà‡∏≤‡∏¢' ‡πÄ‡∏ú‡∏¢ ‡∏£‡∏π‡πâ‡∏™‡∏∂‡∏Å‡πÄ‡∏à‡πá‡∏ö‡∏õ‡∏ß‡∏î ‡∏´‡∏•‡∏±‡∏á ‡∏ï‡∏£.‡∏ñ‡∏π‡∏Å‡πÇ‡∏à‡∏°‡∏ï‡∏µ ‡πÄ‡∏õ‡πá‡∏ô‡∏≠‡∏á‡∏Ñ‡πå‡∏Å‡∏£‡∏≠‡∏≤‡∏ä‡∏ç‡∏≤‡∏Å‡∏£‡∏£‡∏°‡∏Ç‡∏ô‡∏≤‡∏î‡πÉ‡∏´‡∏ç‡πà‡πÉ‡∏ô‡πÑ‡∏ó‡∏¢,‡∏´‡∏≤‡∏ï‡∏µ‡∏ß‡∏î‡∏µ‡πÜ‡∏¢‡∏≤‡∏Å ‡∏ï‡∏£ ‡∏¢‡∏¥‡πà‡∏á‡∏¢‡∏®‡πÉ‡∏´‡∏ç‡πà‡∏¢‡∏¥‡πà‡∏á‡πÄ‡∏•‡∏ß,neg
'‡∏ö‡∏¥‡πä‡∏Å‡∏ï‡πà‡∏≤‡∏¢' ‡πÄ‡∏ú‡∏¢ ‡∏£‡∏π‡πâ‡∏™‡∏∂‡∏Å‡πÄ‡∏à‡πá‡∏ö‡∏õ‡∏ß‡∏î ‡∏´‡∏•‡∏±‡∏á ‡∏ï‡∏£.‡∏ñ‡∏π‡∏Å‡πÇ‡∏à‡∏°‡∏ï‡∏µ ‡πÄ‡∏õ‡πá‡∏ô‡∏≠‡∏á‡∏Ñ‡πå‡∏Å‡∏£‡∏≠‡∏≤‡∏ä‡∏ç‡∏≤‡∏Å‡∏£‡∏£‡∏°‡∏Ç‡∏ô‡∏≤‡∏î‡πÉ‡∏´‡∏ç‡πà‡πÉ‡∏ô‡πÑ‡∏ó‡∏¢,‡πÉ‡∏ä‡πà‡∏Ñ‡πà‡∏∞‡∏õ‡∏£‡∏∞‡∏ä‡∏≤‡∏ä‡∏ô‡∏£‡∏π‡πâ‡πÅ‡∏ï‡πà‡∏ó‡∏≥‡∏≠‡∏∞‡πÑ‡∏£‡πÑ‡∏°‡πà‡πÑ‡∏î‡πâ‡πÄ‡∏û‡∏£‡∏≤‡∏∞‡∏Å‡∏é‡∏´‡∏°‡∏≤‡∏¢‡∏≠‡∏¢‡∏π‡πà‡πÉ‡∏ô‡∏°‡∏∑‡∏≠‡πÄ‡∏Ç‡∏≤‡∏Ñ‡∏∞,neg
'‡∏ö‡∏¥‡πä‡∏Å‡∏ï‡πà‡∏≤‡∏¢' ‡πÄ‡∏ú‡∏¢ ‡∏£‡∏π‡πâ‡∏™‡∏∂‡∏Å‡πÄ‡∏à‡πá‡∏ö‡∏õ‡∏ß‡∏î ‡∏´‡∏•‡∏±‡∏á ‡∏ï‡∏£.‡∏ñ‡∏π‡∏Å‡πÇ‡∏à‡∏°‡∏ï‡∏µ ‡πÄ‡∏õ‡πá‡∏ô‡∏≠‡∏á‡∏Ñ‡πå‡∏Å‡∏£‡∏≠‡∏≤‡∏ä‡∏ç‡∏≤‡∏Å‡∏£‡∏£‡∏°‡∏Ç‡∏ô‡∏≤‡∏î‡πÉ‡∏´‡∏ç‡πà‡πÉ‡∏ô‡πÑ‡∏ó‡∏¢,‡∏™‡πà‡∏ß‡∏ô‡πÉ‡∏´‡∏ç‡πà‡∏Ñ‡∏∑‡∏≠‡πÄ‡∏£‡∏∑‡πà‡∏≠‡∏á‡∏à‡∏£‡∏¥‡∏á,neu
'‡∏ö‡∏¥‡πä‡∏Å‡∏ï‡πà‡∏≤‡∏¢' ‡πÄ‡∏ú‡∏¢ ‡∏£‡∏π‡πâ‡∏™‡∏∂‡∏Å‡πÄ‡∏à‡πá‡∏ö‡∏õ‡∏ß‡∏î ‡∏´‡∏•‡∏±‡∏á ‡∏ï‡∏£.‡∏ñ‡∏π‡∏Å‡πÇ‡∏à‡∏°‡∏ï‡∏µ ‡πÄ‡∏õ‡πá‡∏ô‡∏≠‡∏á‡∏Ñ‡πå‡∏Å‡∏£‡∏≠‡∏≤‡∏ä‡∏ç‡∏≤‡∏Å‡∏£‡∏£‡∏°‡∏Ç‡∏ô‡∏≤‡∏î‡πÉ‡∏´‡∏ç‡πà‡πÉ‡∏ô‡πÑ‡∏ó‡∏¢,‡∏ï‡∏≠‡∏ö‡∏≠‡πâ‡∏≠‡∏°‡πÜ‡πÅ‡∏≠‡πâ‡∏°‡πÜ 555 ‡∏ñ‡πâ‡∏≤‡πÉ‡∏™‡∏à‡∏£‡∏¥‡∏á ‡∏ó‡πâ‡∏≤‡∏ä‡∏ô‡πÇ‡∏à‡πä‡∏Å‡πÄ‡∏•‡∏¢‡∏Ñ‡∏±‡∏ö ‡∏õ‡∏£‡∏∞‡∏ä‡∏≤‡∏ä‡∏ô‡πÑ‡∏î‡πâ‡∏õ‡∏£‡∏∞‡πÇ‡∏¢‡∏ä ‡∏Å‡∏•‡πâ‡∏≤‡πÑ‡∏´‡∏° ‡∏ñ‡πâ‡∏≤‡∏à‡πâ‡∏≠‡∏°‡∏π‡∏•‡πÑ‡∏°‡πà‡∏à‡∏£‡∏¥‡∏á‡∏Ñ‡πà‡∏≠‡∏¢‡∏ü‡πâ‡∏≠‡∏á‡∏Å‡∏•‡∏±‡∏ö,neg
'‡∏ö‡∏¥‡πä‡∏Å‡∏ï‡πà‡∏≤‡∏¢' ‡πÄ‡∏ú‡∏¢ ‡∏£‡∏π‡πâ‡∏™‡∏∂‡∏Å‡πÄ‡∏à‡πá‡∏ö‡∏õ‡∏ß‡∏î ‡∏´‡∏•‡∏±‡∏á ‡∏ï‡∏£.‡∏ñ‡∏π‡∏Å‡πÇ‡∏à‡∏°‡∏ï‡∏µ ‡πÄ‡∏õ‡πá‡∏ô‡∏≠‡∏á‡∏Ñ‡πå‡∏Å‡∏£‡∏≠‡∏≤‡∏ä‡∏ç‡∏≤‡∏Å‡∏£‡∏£‡∏°‡∏Ç‡∏ô‡∏≤‡∏î‡πÉ‡∏´‡∏ç‡πà‡πÉ‡∏ô‡πÑ‡∏ó‡∏¢,‡πÄ‡∏à‡πá‡∏ö‡∏õ‡∏ß‡∏î‡∏Å‡πá‡∏ó‡πà‡∏≠‡∏á‡πÄ‡∏≠‡∏≤‡πÉ‡∏ß‡πâ‡∏Ñ‡∏£‡∏±‡∏ö. ‡πÄ‡∏á‡∏¥‡∏ô‡πÜ‡∏ú‡∏•‡∏õ‡∏£‡∏∞‡πÇ‡∏¢‡∏ä‡∏ô‡πå‡πÜ. #‡∏™‡πà‡∏ß‡∏ô‡∏ö‡πâ‡∏≤‡∏ô‡πÄ‡∏°‡∏∑‡∏≠‡∏á‡∏à‡∏∞‡πÄ‡∏•‡∏∞‡πÅ‡∏Ñ‡πà‡πÑ‡∏´‡∏ô‡∏Å‡πá‡∏ä‡πà‡∏≤‡∏á,neg
'‡∏ö‡∏¥‡πä‡∏Å‡∏ï‡πà‡∏≤‡∏¢' ‡πÄ‡∏ú‡∏¢ ‡∏£‡∏π‡πâ‡∏™‡∏∂‡∏Å‡πÄ‡∏à‡πá‡∏ö‡∏õ‡∏ß‡∏î ‡∏´‡∏•‡∏±‡∏á ‡∏ï‡∏£.‡∏ñ‡∏π‡∏Å‡πÇ‡∏à‡∏°‡∏ï‡∏µ ‡πÄ‡∏õ‡πá‡∏ô‡∏≠‡∏á‡∏Ñ‡πå‡∏Å‡∏£‡∏≠‡∏≤‡∏ä‡∏ç‡∏≤‡∏Å‡∏£‡∏£‡∏°‡∏Ç‡∏ô‡∏≤‡∏î‡πÉ‡∏´‡∏ç‡πà‡πÉ‡∏ô‡πÑ‡∏ó‡∏¢,"‡∏≠‡∏¢‡πà‡∏≤‡πÄ‡∏≠‡∏≤‡πÄ‡∏£‡∏∑‡πà‡∏≠‡∏á‡∏à‡∏£‡∏¥‡∏á‡∏°‡∏≤‡∏û‡∏π‡∏î ‡πÑ‡∏î‡πâ‡∏¢‡∏¥‡∏ô‡πÅ‡∏•‡πâ‡∏ß‡∏ó‡πà‡∏≤‡∏ô‡πÄ‡∏à‡πá‡∏ö‡∏õ‡∏ß‡∏î ,‡∏ñ‡πâ‡∏≤‡πÄ‡∏à‡πá‡∏ö‡∏à‡∏ô‡∏ó‡∏ô‡πÑ‡∏°‡πà‡πÑ‡∏´‡∏ß‡∏Å‡πá‡∏•‡∏≤‡∏≠‡∏≠‡∏Å‡πÑ‡∏î‡πâ‡∏ô‡∏∞‡∏ó‡πà‡∏≤‡∏ô",neg
'‡∏ö‡∏¥‡πä‡∏Å‡∏ï‡πà‡∏≤‡∏¢' ‡πÄ‡∏ú‡∏¢ ‡∏£‡∏π‡πâ‡∏™‡∏∂‡∏Å‡πÄ‡∏à‡πá‡∏ö‡∏õ‡∏ß‡∏î ‡∏´‡∏•‡∏±‡∏á ‡∏ï‡∏£.‡∏ñ‡∏π‡∏Å‡πÇ‡∏à‡∏°‡∏ï‡∏µ ‡πÄ‡∏õ‡πá‡∏ô‡∏≠‡∏á‡∏Ñ‡πå‡∏Å‡∏£‡∏≠‡∏≤‡∏ä‡∏ç‡∏≤‡∏Å‡∏£‡∏£‡∏°‡∏Ç‡∏ô‡∏≤‡∏î‡πÉ‡∏´‡∏ç‡πà‡πÉ‡∏ô‡πÑ‡∏ó‡∏¢,‡∏ú‡∏°‡∏ß‡πà‡∏≤‡∏à‡∏£‡∏¥‡∏á‡∏Ñ‡∏£‡∏±‡∏ö‡∏™‡πà‡∏ß‡∏ô‡πÉ‡∏´‡∏ç‡πà,neu
'‡∏ö‡∏¥‡πä‡∏Å‡∏ï‡πà‡∏≤‡∏¢' ‡πÄ‡∏ú‡∏¢ ‡∏£‡∏π‡πâ‡∏™‡∏∂‡∏Å‡πÄ‡∏à‡πá‡∏ö‡∏õ‡∏ß‡∏î ‡∏´‡∏•‡∏±‡∏á ‡∏ï‡∏£.‡∏ñ‡∏π‡∏Å‡πÇ‡∏à‡∏°‡∏ï‡∏µ ‡πÄ‡∏õ‡πá‡∏ô‡∏≠‡∏á‡∏Ñ‡πå‡∏Å‡∏£‡∏≠‡∏≤‡∏ä‡∏ç‡∏≤‡∏Å‡∏£‡∏£‡∏°‡∏Ç‡∏ô‡∏≤‡∏î‡πÉ‡∏´‡∏ç‡πà‡πÉ‡∏ô‡πÑ‡∏ó‡∏¢,‡πÅ‡∏î‡∏Å‡∏°‡∏≤‡∏ô‡∏≤‡∏ô‡πÅ‡∏•‡πâ‡∏ß,neg
'‡∏ö‡∏¥‡πä‡∏Å‡∏ï‡πà‡∏≤‡∏¢' ‡πÄ‡∏ú‡∏¢ ‡∏£‡∏π‡πâ‡∏™‡∏∂‡∏Å‡πÄ‡∏à‡πá‡∏ö‡∏õ‡∏ß‡∏î ‡∏´‡∏•‡∏±‡∏á ‡∏ï‡∏£.‡∏ñ‡∏π‡∏Å‡πÇ‡∏à‡∏°‡∏ï‡∏µ ‡πÄ‡∏õ‡πá‡∏ô‡∏≠‡∏á‡∏Ñ‡πå‡∏Å‡∏£‡∏≠‡∏≤‡∏ä‡∏ç‡∏≤‡∏Å‡∏£‡∏£‡∏°‡∏Ç‡∏ô‡∏≤‡∏î‡πÉ‡∏´‡∏ç‡πà‡πÉ‡∏ô‡πÑ‡∏ó‡∏¢,‡∏ñ‡πâ‡∏≤‡∏ó‡πà‡∏≤‡∏ô‡πÅ‡∏ô‡πà‡∏à‡∏£‡∏¥‡∏á‡∏ó‡πà‡∏≤‡∏ô‡∏ï‡πâ‡∏≠‡∏á‡∏ó‡∏≥‡∏Ñ‡∏ß‡∏≤‡∏°‡∏à‡∏£‡∏¥‡∏á‡πÉ‡∏´‡πâ‡∏õ‡∏£‡∏∞‡∏ä‡∏≤‡∏ä‡∏ô‡πÑ‡∏î‡πâ‡πÄ‡∏´‡πá‡∏ô‡∏ß‡πà‡∏≤‡∏≠‡∏á‡∏Ñ‡πå‡∏Å‡∏£‡∏ï‡∏≥‡∏£‡∏ß‡∏à‡πÑ‡∏°‡πà‡πÄ‡∏´‡πá‡∏ô‡πÄ‡∏´‡∏°‡∏∑‡∏≠‡∏ô‡∏ó‡∏µ‡πà‡πÄ‡∏Ç‡∏≤‡πÇ‡∏à‡∏°‡∏ï‡∏µ,neu
'‡∏ö‡∏¥‡πä‡∏Å‡∏ï‡πà‡∏≤‡∏¢' ‡πÄ‡∏ú‡∏¢ ‡∏£‡∏π‡πâ‡∏™‡∏∂‡∏Å‡πÄ‡∏à‡πá‡∏ö‡∏õ‡∏ß‡∏î ‡∏´‡∏•‡∏±‡∏á ‡∏ï‡∏£.‡∏ñ‡∏π‡∏Å‡πÇ‡∏à‡∏°‡∏ï‡∏µ ‡πÄ‡∏õ‡πá‡∏ô‡∏≠‡∏á‡∏Ñ‡πå‡∏Å‡∏£‡∏≠‡∏≤‡∏ä‡∏ç‡∏≤‡∏Å‡∏£‡∏£‡∏°‡∏Ç‡∏ô‡∏≤‡∏î‡πÉ‡∏´‡∏ç‡πà‡πÉ‡∏ô‡πÑ‡∏ó‡∏¢,‡∏ó‡∏ô ‡πÅ‡∏ä‡πà ‡∏≠‡∏¢‡∏π‡πà‡πÑ‡∏î‡πâ?,q
'‡∏ö‡∏¥‡πä‡∏Å‡∏ï‡πà‡∏≤‡∏¢' ‡πÄ‡∏ú‡∏¢ ‡∏£‡∏π‡πâ‡∏™‡∏∂‡∏Å‡πÄ‡∏à‡πá‡∏ö‡∏õ‡∏ß‡∏î ‡∏´‡∏•‡∏±‡∏á ‡∏ï‡∏£.‡∏ñ‡∏π‡∏Å‡πÇ‡∏à‡∏°‡∏ï‡∏µ ‡πÄ‡∏õ‡πá‡∏ô‡∏≠‡∏á‡∏Ñ‡πå‡∏Å‡∏£‡∏≠‡∏≤‡∏ä‡∏ç‡∏≤‡∏Å‡∏£‡∏£‡∏°‡∏Ç‡∏ô‡∏≤‡∏î‡πÉ‡∏´‡∏ç‡πà‡πÉ‡∏ô‡πÑ‡∏ó‡∏¢,‡∏ï‡∏≥‡∏£‡∏ß‡∏à‡∏ó‡∏µ‡πà‡∏î‡∏µ‡πÜ‡∏°‡∏±‡∏ô‡∏ô‡πâ‡∏≠‡∏¢‡∏Å‡∏ß‡πà‡∏≤‡∏ï‡∏≥‡∏£‡∏ß‡∏à‡πÄ‡∏•‡∏ß‡∏Ñ‡∏£‡∏±‡∏ö‡∏ó‡πà‡∏≤‡∏ô‡πÅ‡∏Ñ‡πà‡πÅ‡∏Å‡πâ‡πÑ‡∏Ç‡πÄ‡∏£‡∏∑‡πà‡∏≠‡∏á‡∏ï‡∏±‡πâ‡∏á‡∏î‡πà‡∏≤‡∏ô‡∏õ‡∏£‡∏∞‡πÄ‡∏ó‡∏®‡πÑ‡∏ó‡∏¢‡∏Å‡πá‡∏£‡∏∏‡πà‡∏á‡πÄ‡∏£‡∏∑‡∏≠‡∏á‡∏Å‡∏ß‡πà‡∏≤‡∏ô‡∏µ‡πâ‡∏ô‡∏∞‡∏ñ‡πâ‡∏≤‡πÄ‡∏õ‡πá‡∏ô‡πÑ‡∏õ‡πÑ‡∏î‡πâ‡∏≠‡∏ö‡∏£‡∏°‡∏ß‡∏¥‡∏ô‡∏±‡∏¢‡∏™‡∏°‡∏≠‡∏á‡∏ï‡∏≥‡∏£‡∏ß‡∏à‡∏≠‡∏¢‡πà‡∏≤‡πÉ‡∏´‡πâ‡∏Ñ‡∏î‡πÇ‡∏Å‡∏á‡πÉ‡∏´‡πâ‡∏™‡∏≥‡∏ô‡∏∂‡∏Å‡∏ñ‡∏∂‡∏á‡∏†‡∏≤‡∏©‡∏µ‡∏õ‡∏£‡∏∞‡∏ä‡∏≤‡∏ä‡∏ô‡∏≠‡∏¢‡πà‡∏≤‡πÄ‡∏≠‡∏≤‡∏Ñ‡∏ß‡∏≤‡∏°‡πÄ‡∏õ‡πá‡∏ô‡πÇ‡∏à‡∏£‡πÅ‡∏ö‡∏ö‡∏ñ‡∏π‡∏Å‡∏£‡∏∞‡πÄ‡∏ö‡∏µ‡∏¢‡∏ö‡∏ó‡∏µ‡πà‡∏´‡∏∏‡πâ‡∏°‡∏î‡πâ‡∏ß‡∏¢‡∏ú‡πâ‡∏≤‡∏™‡∏µ‡∏Å‡∏≤‡∏Å‡∏µ,neg
'‡∏ö‡∏¥‡πä‡∏Å‡∏ï‡πà‡∏≤‡∏¢' ‡πÄ‡∏ú‡∏¢ ‡∏£‡∏π‡πâ‡∏™‡∏∂‡∏Å‡πÄ‡∏à‡πá‡∏ö‡∏õ‡∏ß‡∏î ‡∏´‡∏•‡∏±‡∏á ‡∏ï‡∏£.‡∏ñ‡∏π‡∏Å‡πÇ‡∏à‡∏°‡∏ï‡∏µ ‡πÄ‡∏õ‡πá‡∏ô‡∏≠‡∏á‡∏Ñ‡πå‡∏Å‡∏£‡∏≠‡∏≤‡∏ä‡∏ç‡∏≤‡∏Å‡∏£‡∏£‡∏°‡∏Ç‡∏ô‡∏≤‡∏î‡πÉ‡∏´‡∏ç‡πà‡πÉ‡∏ô‡πÑ‡∏ó‡∏¢,‡∏Ñ‡∏ô‡πÑ‡∏ó‡∏¢‡∏°‡∏≠‡∏á‡∏ï‡∏≥‡∏£‡∏ß‡∏à‡πÄ‡∏õ‡πá‡∏ô‡πÇ‡∏à‡∏£‡∏Ç‡∏∂‡πâ‡∏ô‡∏ó‡∏∏‡∏Å‡∏ß‡∏±‡∏ô,neg
'‡∏ö‡∏¥‡πä‡∏Å‡∏ï‡πà‡∏≤‡∏¢' ‡πÄ‡∏ú‡∏¢ ‡∏£‡∏π‡πâ‡∏™‡∏∂‡∏Å‡πÄ‡∏à‡πá‡∏ö‡∏õ‡∏ß‡∏î ‡∏´‡∏•‡∏±‡∏á ‡∏ï‡∏£.‡∏ñ‡∏π‡∏Å‡πÇ‡∏à‡∏°‡∏ï‡∏µ ‡πÄ‡∏õ‡πá‡∏ô‡∏≠‡∏á‡∏Ñ‡πå‡∏Å‡∏£‡∏≠‡∏≤‡∏ä‡∏ç‡∏≤‡∏Å‡∏£‡∏£‡∏°‡∏Ç‡∏ô‡∏≤‡∏î‡πÉ‡∏´‡∏ç‡πà‡πÉ‡∏ô‡πÑ‡∏ó‡∏¢,‡∏õ‡∏£‡∏∞‡∏ä‡∏≤‡∏ä‡∏ô‡∏Å‡πá‡∏£‡∏±‡∏ö‡πÑ‡∏°‡πà‡πÑ‡∏î‡πâ‡∏Ñ‡∏£‡∏±‡∏ö ‡∏ó‡∏µ‡πà‡∏ó‡πà‡∏≤‡∏ô‡∏õ‡∏•‡πà‡∏≠‡∏¢‡πÉ‡∏´‡πâ‡∏≠‡∏á‡∏Ñ‡πå‡∏Å‡∏£‡∏Ç‡∏≠‡∏á‡∏ó‡πà‡∏≤‡∏ô‡πÄ‡∏ô‡πà‡∏≤‡πÄ‡∏ü‡πä‡∏∞‡∏Ç‡∏ô‡∏≤‡∏î‡∏ô‡∏µ‡πâ,neg
'‡∏ö‡∏¥‡πä‡∏Å‡∏ï‡πà‡∏≤‡∏¢' ‡πÄ‡∏ú‡∏¢ ‡∏£‡∏π‡πâ‡∏™‡∏∂‡∏Å‡πÄ‡∏à‡πá‡∏ö‡∏õ‡∏ß‡∏î ‡∏´‡∏•‡∏±‡∏á ‡∏ï‡∏£.‡∏ñ‡∏π‡∏Å‡πÇ‡∏à‡∏°‡∏ï‡∏µ ‡πÄ‡∏õ‡πá‡∏ô‡∏≠‡∏á‡∏Ñ‡πå‡∏Å‡∏£‡∏≠‡∏≤‡∏ä‡∏ç‡∏≤‡∏Å‡∏£‡∏£‡∏°‡∏Ç‡∏ô‡∏≤‡∏î‡πÉ‡∏´‡∏ç‡πà‡πÉ‡∏ô‡πÑ‡∏ó‡∏¢,‡∏ñ‡πâ‡∏≤‡∏Ñ‡∏ô ‡πÄ‡∏Ñ‡∏¢ ‡πÄ‡∏à‡∏≠ ‡∏ï‡∏≥‡∏£‡∏ß‡∏à ‡∏ô‡∏≠‡∏Å ‡∏Å‡∏•‡∏±‡πà‡∏ô‡πÅ‡∏Å‡∏•‡πâ‡∏á  ‡∏à‡∏∞ ‡∏™‡∏°‡∏ô‡πâ‡∏≥‡∏´‡∏ô‡πâ‡∏≤ ‡∏Ñ‡∏£‡∏±‡∏ö,neg
'‡∏ö‡∏¥‡πä‡∏Å‡∏ï‡πà‡∏≤‡∏¢' ‡πÄ‡∏ú‡∏¢ ‡∏£‡∏π‡πâ‡∏™‡∏∂‡∏Å‡πÄ‡∏à‡πá‡∏ö‡∏õ‡∏ß‡∏î ‡∏´‡∏•‡∏±‡∏á ‡∏ï‡∏£.‡∏ñ‡∏π‡∏Å‡πÇ‡∏à‡∏°‡∏ï‡∏µ ‡πÄ‡∏õ‡πá‡∏ô‡∏≠‡∏á‡∏Ñ‡πå‡∏Å‡∏£‡∏≠‡∏≤‡∏ä‡∏ç‡∏≤‡∏Å‡∏£‡∏£‡∏°‡∏Ç‡∏ô‡∏≤‡∏î‡πÉ‡∏´‡∏ç‡πà‡πÉ‡∏ô‡πÑ‡∏ó‡∏¢,‡∏ñ‡πâ‡∏≤‡∏î‡∏µ‡∏à‡∏£‡∏¥‡∏á‡∏à‡∏∞‡∏Å‡∏•‡∏±‡∏ß‡∏ó‡∏≥‡∏°‡∏±‡∏¢,q
'‡∏ö‡∏¥‡πä‡∏Å‡∏ï‡πà‡∏≤‡∏¢' ‡πÄ‡∏ú‡∏¢ ‡∏£‡∏π‡πâ‡∏™‡∏∂‡∏Å‡πÄ‡∏à‡πá‡∏ö‡∏õ‡∏ß‡∏î ‡∏´‡∏•‡∏±‡∏á ‡∏ï‡∏£.‡∏ñ‡∏π‡∏Å‡πÇ‡∏à‡∏°‡∏ï‡∏µ ‡πÄ‡∏õ‡πá‡∏ô‡∏≠‡∏á‡∏Ñ‡πå‡∏Å‡∏£‡∏≠‡∏≤‡∏ä‡∏ç‡∏≤‡∏Å‡∏£‡∏£‡∏°‡∏Ç‡∏ô‡∏≤‡∏î‡πÉ‡∏´‡∏ç‡πà‡πÉ‡∏ô‡πÑ‡∏ó‡∏¢,‡∏ñ‡∏∂‡∏á‡∏Ñ‡∏¥‡∏ß‡∏•‡πâ‡∏≤‡∏á‡∏ï‡∏≥‡∏£‡∏ß‡∏à‡πÄ‡∏ó‡∏≤‡πÜ‡∏î‡∏≥‡πÜ‡πÅ‡∏•‡πâ‡∏ß‡∏™‡∏¥‡∏ô‡πà‡∏∞ ‡∏õ‡πâ‡∏≠‡∏ö‡∏Ñ‡∏≠‡∏ô‡∏°‡∏∞‡∏ñ‡∏∂‡∏á‡πÄ‡∏ß‡∏•‡∏≤‡∏ô‡∏±‡πà‡∏á‡∏î‡∏π‡∏•‡∏∞,neu
'‡∏ö‡∏¥‡πä‡∏Å‡∏ï‡πà‡∏≤‡∏¢' ‡πÄ‡∏ú‡∏¢ ‡∏£‡∏π‡πâ‡∏™‡∏∂‡∏Å‡πÄ‡∏à‡πá‡∏ö‡∏õ‡∏ß‡∏î ‡∏´‡∏•‡∏±‡∏á ‡∏ï‡∏£.‡∏ñ‡∏π‡∏Å‡πÇ‡∏à‡∏°‡∏ï‡∏µ ‡πÄ‡∏õ‡πá‡∏ô‡∏≠‡∏á‡∏Ñ‡πå‡∏Å‡∏£‡∏≠‡∏≤‡∏ä‡∏ç‡∏≤‡∏Å‡∏£‡∏£‡∏°‡∏Ç‡∏ô‡∏≤‡∏î‡πÉ‡∏´‡∏ç‡πà‡πÉ‡∏ô‡πÑ‡∏ó‡∏¢,‡∏Ñ‡∏≥‡∏û‡∏π‡∏î‡∏Ç‡∏≠‡∏á‡πÇ‡∏à‡∏£,neg
'‡∏ö‡∏¥‡πä‡∏Å‡∏ï‡πà‡∏≤‡∏¢' ‡πÄ‡∏ú‡∏¢ ‡∏£‡∏π‡πâ‡∏™‡∏∂‡∏Å‡πÄ‡∏à‡πá‡∏ö‡∏õ‡∏ß‡∏î ‡∏´‡∏•‡∏±‡∏á ‡∏ï‡∏£.‡∏ñ‡∏π‡∏Å‡πÇ‡∏à‡∏°‡∏ï‡∏µ ‡πÄ‡∏õ‡πá‡∏ô‡∏≠‡∏á‡∏Ñ‡πå‡∏Å‡∏£‡∏≠‡∏≤‡∏ä‡∏ç‡∏≤‡∏Å‡∏£‡∏£‡∏°‡∏Ç‡∏ô‡∏≤‡∏î‡πÉ‡∏´‡∏ç‡πà‡πÉ‡∏ô‡πÑ‡∏ó‡∏¢,‡∏ï‡∏≥‡∏£‡∏ß‡∏à‡∏î‡∏µ‡∏°‡∏µ‡πÅ‡∏ï‡πà‡∏ï‡∏≠‡∏ô‡∏ñ‡πà‡∏≤‡∏¢‡∏Ñ‡∏•‡∏¥‡∏õ‡∏≠‡∏≠‡∏Å‡∏™‡∏∑‡πà‡∏≠,neg
'‡∏ö‡∏¥‡πä‡∏Å‡∏ï‡πà‡∏≤‡∏¢' ‡πÄ‡∏ú‡∏¢ ‡∏£‡∏π‡πâ‡∏™‡∏∂‡∏Å‡πÄ‡∏à‡πá‡∏ö‡∏õ‡∏ß‡∏î ‡∏´‡∏•‡∏±‡∏á ‡∏ï‡∏£.‡∏ñ‡∏π‡∏Å‡πÇ‡∏à‡∏°‡∏ï‡∏µ ‡πÄ‡∏õ‡πá‡∏ô‡∏≠‡∏á‡∏Ñ‡πå‡∏Å‡∏£‡∏≠‡∏≤‡∏ä‡∏ç‡∏≤‡∏Å‡∏£‡∏£‡∏°‡∏Ç‡∏ô‡∏≤‡∏î‡πÉ‡∏´‡∏ç‡πà‡πÉ‡∏ô‡πÑ‡∏ó‡∏¢,‡πÄ‡∏Ç‡∏≤‡∏û‡∏π‡∏î‡∏Ñ‡∏ß‡∏≤‡∏°‡∏à‡∏£‡∏¥‡∏á‡∏ó‡∏≥‡πÑ‡∏°‡∏à‡∏∞‡∏£‡∏±‡∏ö‡πÑ‡∏°‡πà‡πÑ‡∏î‡πâ‡∏´‡∏•‡πà‡∏∞555‡∏´‡∏£‡∏∑‡∏≠‡∏ï‡∏±‡∏ß‡πÄ‡∏≠‡∏á‡∏Å‡πá‡πÄ‡∏õ‡πá‡∏ô‡πÅ‡∏ö‡∏ö‡∏ó‡∏µ‡πà‡πÄ‡∏Ç‡∏≤‡∏û‡∏π‡∏î‡∏ñ‡πâ‡∏≤‡πÑ‡∏°‡πà‡∏à‡∏£‡∏¥‡∏á‡∏Å‡πá‡∏£‡∏µ‡∏ö‡∏≠‡∏≠‡∏Å‡∏°‡∏≤‡∏õ‡∏£‡∏≤‡∏ö‡∏õ‡∏£‡∏≤‡∏°‡∏™‡∏¥‡∏à‡∏∞‡∏°‡∏≤‡∏ó‡∏≥‡πÄ‡∏õ‡πá‡∏ô‡∏£‡∏±‡∏ö‡πÑ‡∏°‡πà‡πÑ‡∏î‡πâ‡πÅ‡∏ö‡∏ö‡∏ô‡∏µ‡πâ‡πÑ‡∏°‡πà‡πÑ‡∏î‡πâ‡∏ô‡∏∞ ‡∏´‡∏£‡∏∑‡∏≠‡∏ß‡πà‡∏≤‡∏≠‡∏á‡∏Ñ‡πå‡∏Å‡∏£‡∏ô‡∏µ‡πâ‡∏°‡∏µ‡∏ï‡∏≥‡∏£‡∏ß‡∏à‡∏ä‡∏±‡πà‡∏ß‡πÄ‡∏Å‡∏¥‡∏ô‡∏Ñ‡∏£‡∏∂‡πà‡∏á‡∏õ‡∏£‡∏∞‡πÄ‡∏ó‡∏®‡πÑ‡∏õ‡πÅ‡∏•‡πâ‡∏ß,neg
'‡∏ö‡∏¥‡πä‡∏Å‡∏ï‡πà‡∏≤‡∏¢' ‡πÄ‡∏ú‡∏¢ ‡∏£‡∏π‡πâ‡∏™‡∏∂‡∏Å‡πÄ‡∏à‡πá‡∏ö‡∏õ‡∏ß‡∏î ‡∏´‡∏•‡∏±‡∏á ‡∏ï‡∏£.‡∏ñ‡∏π‡∏Å‡πÇ‡∏à‡∏°‡∏ï‡∏µ ‡πÄ‡∏õ‡πá‡∏ô‡∏≠‡∏á‡∏Ñ‡πå‡∏Å‡∏£‡∏≠‡∏≤‡∏ä‡∏ç‡∏≤‡∏Å‡∏£‡∏£‡∏°‡∏Ç‡∏ô‡∏≤‡∏î‡πÉ‡∏´‡∏ç‡πà‡πÉ‡∏ô‡πÑ‡∏ó‡∏¢,‡πÅ‡∏Å‡∏≠‡∏¢‡πà‡∏≤‡πÇ‡∏¢‡∏á‡∏´‡∏£‡∏∑‡∏≠‡∏°‡∏µ‡πÄ‡∏≠‡∏µ‡πà‡∏¢‡∏ß‡πÑ‡∏°‡πà‡πÑ‡∏î‡πâ‡∏ó‡∏≥‡∏ú‡∏¥‡∏î‡∏≠‡∏¢‡πà‡∏≤‡πÄ‡∏î‡∏∑‡∏≠‡∏î‡∏£‡πâ‡∏≠‡∏ô ‡πÅ‡∏Å‡πâ‡πÑ‡∏Ç‡∏ä‡∏¥ ‡∏ó‡∏∏‡∏Å‡∏ß‡∏±‡∏ô‡∏ô‡∏µ‡πà‡∏õ‡∏£‡∏∞‡∏ä‡∏≤‡∏ä‡∏ô‡∏Å‡πá‡∏£‡∏∞‡∏≠‡∏≤‡∏Å‡∏±‡∏ö‡∏ï‡∏≥‡∏£‡∏ß‡∏à‡∏ó‡∏µ‡πà‡∏≠‡∏≠‡∏Å‡∏î‡∏±‡∏Å‡∏à‡∏±‡∏ö‡∏ï‡∏≤‡∏°‡∏ñ‡∏ô‡∏ô‡∏ó‡πâ‡∏≠‡∏á‡πÑ‡∏£‡πà‡∏ó‡πâ‡∏≠‡∏á‡∏ô‡∏≤‡∏ï‡∏±‡πâ‡∏á‡∏î‡πà‡∏≤‡∏ô‡∏ö‡πà‡∏≠‡∏¢‡∏ó‡∏≥‡πÉ‡∏´‡πâ‡∏£‡∏ñ‡∏ï‡∏¥‡∏î ‡πÅ‡∏ï‡πà‡∏õ‡∏≤‡∏Å‡∏Å‡πá‡∏≠‡πâ‡∏≤‡∏á‡∏ö‡∏±‡∏á‡∏Ñ‡∏±‡∏ö‡πÉ‡∏ä‡πâ‡∏Å‡∏é‡∏´‡∏°‡∏≤‡∏¢‡∏ö‡∏≤‡∏á‡∏Ñ‡∏£‡∏±‡πâ‡∏á‡∏ï‡∏≥‡∏£‡∏ß‡∏à‡∏ó‡∏≥‡∏ú‡∏¥‡∏î‡πÄ‡∏™‡∏µ‡∏¢‡πÄ‡∏≠‡∏á‡∏£‡∏ñ‡πÑ‡∏°‡πà‡∏ï‡∏¥‡πÅ‡∏ú‡πà‡∏ô‡∏õ‡πâ‡∏≤‡∏¢‡πÑ‡∏°‡πà‡∏ï‡πà‡∏≠‡∏ó‡∏∞‡πÄ‡∏ö‡∏µ‡∏¢‡∏ô‡πÄ‡∏≠‡∏≤‡∏£‡∏ñ‡∏´‡∏•‡∏ß‡∏á‡πÑ‡∏õ‡πÉ‡∏ä‡πâ‡∏£‡∏±‡∏ö‡∏™‡πà‡∏á‡∏Ñ‡∏£‡∏≠‡∏ö‡∏Ñ‡∏£‡∏±‡∏ß ‡πÑ‡∏°‡πà‡∏™‡∏ß‡∏°‡∏´‡∏°‡∏ß‡∏Å‡πÄ‡∏´‡∏•‡πà‡∏≤‡∏ô‡∏µ‡πà‡∏•‡πà‡∏∞‡πÅ‡∏Ñ‡πà‡∏ö‡∏≤‡∏á‡∏™‡πà‡∏ß‡∏ô,neg
'‡∏ö‡∏¥‡πä‡∏Å‡∏ï‡πà‡∏≤‡∏¢' ‡πÄ‡∏ú‡∏¢ ‡∏£‡∏π‡πâ‡∏™‡∏∂‡∏Å‡πÄ‡∏à‡πá‡∏ö‡∏õ‡∏ß‡∏î ‡∏´‡∏•‡∏±‡∏á ‡∏ï‡∏£.‡∏ñ‡∏π‡∏Å‡πÇ‡∏à‡∏°‡∏ï‡∏µ ‡πÄ‡∏õ‡πá‡∏ô‡∏≠‡∏á‡∏Ñ‡πå‡∏Å‡∏£‡∏≠‡∏≤‡∏ä‡∏ç‡∏≤‡∏Å‡∏£‡∏£‡∏°‡∏Ç‡∏ô‡∏≤‡∏î‡πÉ‡∏´‡∏ç‡πà‡πÉ‡∏ô‡πÑ‡∏ó‡∏¢,‡∏ú‡∏°‡∏ô‡∏∂‡∏Å‡∏ñ‡∏∂‡∏á‡∏û‡∏•.‡∏ó‡∏õ‡∏ß‡∏¥‡∏ì‡∏ï‡∏£.‡∏ô‡πç‡πâ‡∏≤‡∏î‡∏µ‡∏ó‡∏µ‡πà‡∏ï‡πâ‡∏≠‡∏á‡∏•‡∏µ‡πâ‡∏†‡∏±‡∏¢‡∏≠‡∏¢‡∏π‡πà‡∏ï‡πà‡∏≤‡∏á‡∏õ‡∏£‡∏∞‡πÄ‡∏ó‡∏®,neu
'‡∏ö‡∏¥‡πä‡∏Å‡∏ï‡πà‡∏≤‡∏¢' ‡πÄ‡∏ú‡∏¢ ‡∏£‡∏π‡πâ‡∏™‡∏∂‡∏Å‡πÄ‡∏à‡πá‡∏ö‡∏õ‡∏ß‡∏î ‡∏´‡∏•‡∏±‡∏á ‡∏ï‡∏£.‡∏ñ‡∏π‡∏Å‡πÇ‡∏à‡∏°‡∏ï‡∏µ ‡πÄ‡∏õ‡πá‡∏ô‡∏≠‡∏á‡∏Ñ‡πå‡∏Å‡∏£‡∏≠‡∏≤‡∏ä‡∏ç‡∏≤‡∏Å‡∏£‡∏£‡∏°‡∏Ç‡∏ô‡∏≤‡∏î‡πÉ‡∏´‡∏ç‡πà‡πÉ‡∏ô‡πÑ‡∏ó‡∏¢,‡πÄ‡∏£‡∏∑‡πà‡∏≠‡∏á‡∏à‡∏£‡∏¥‡∏á‡∏£‡∏±‡∏ö‡πÑ‡∏°‡πà‡πÑ‡∏î‡πâ‡πÑ‡∏á‡∏ú‡∏ß‡∏Å‡πÄ‡∏î‡∏µ‡∏¢‡∏ß‡∏Å‡∏±‡∏ô‡πÅ‡∏â‡πÅ‡∏•‡∏∞‡πÄ‡∏õ‡πá‡∏ô‡∏Ñ‡∏ô‡πÉ‡∏ô‡∏≠‡∏á‡∏Ñ‡πå‡∏Å‡∏£‡∏à‡∏∞‡∏£‡∏π‡πâ‡∏î‡∏µ‡∏Å‡∏ß‡πà‡∏≤‡πÉ‡∏Ñ‡∏£‡πÜ‡∏î‡∏µ30%.‡πÄ‡∏ô‡πà‡∏≤70%,neg
'‡∏ö‡∏¥‡πä‡∏Å‡∏ï‡πà‡∏≤‡∏¢' ‡πÄ‡∏ú‡∏¢ ‡∏£‡∏π‡πâ‡∏™‡∏∂‡∏Å‡πÄ‡∏à‡πá‡∏ö‡∏õ‡∏ß‡∏î ‡∏´‡∏•‡∏±‡∏á ‡∏ï‡∏£.‡∏ñ‡∏π‡∏Å‡πÇ‡∏à‡∏°‡∏ï‡∏µ ‡πÄ‡∏õ‡πá‡∏ô‡∏≠‡∏á‡∏Ñ‡πå‡∏Å‡∏£‡∏≠‡∏≤‡∏ä‡∏ç‡∏≤‡∏Å‡∏£‡∏£‡∏°‡∏Ç‡∏ô‡∏≤‡∏î‡πÉ‡∏´‡∏ç‡πà‡πÉ‡∏ô‡πÑ‡∏ó‡∏¢,‡πÄ‡∏à‡πá‡∏ö‡∏õ‡∏ß‡∏î‡∏ó‡∏µ‡πà‡πÄ‡∏Ñ‡πâ‡∏≤‡πÅ‡∏â ‡∏´‡∏£‡∏∑‡∏≠‡πÄ‡∏à‡πá‡∏ö‡∏õ‡∏ß‡∏î‡∏Å‡∏±‡∏ö‡∏•‡∏π‡∏Å‡∏ô‡πâ‡∏≠‡∏á‡πÄ‡∏•‡∏ß‡πÜ ‡∏Å‡∏±‡∏ô‡πÅ‡∏ô‡πà,q
'‡∏ö‡∏¥‡πä‡∏Å‡∏ï‡πà‡∏≤‡∏¢' ‡πÄ‡∏ú‡∏¢ ‡∏£‡∏π‡πâ‡∏™‡∏∂‡∏Å‡πÄ‡∏à‡πá‡∏ö‡∏õ‡∏ß‡∏î ‡∏´‡∏•‡∏±‡∏á ‡∏ï‡∏£.‡∏ñ‡∏π‡∏Å‡πÇ‡∏à‡∏°‡∏ï‡∏µ ‡πÄ‡∏õ‡πá‡∏ô‡∏≠‡∏á‡∏Ñ‡πå‡∏Å‡∏£‡∏≠‡∏≤‡∏ä‡∏ç‡∏≤‡∏Å‡∏£‡∏£‡∏°‡∏Ç‡∏ô‡∏≤‡∏î‡πÉ‡∏´‡∏ç‡πà‡πÉ‡∏ô‡πÑ‡∏ó‡∏¢,‡πÅ‡∏ó‡∏ô‡∏ó‡∏µ‡πà‡∏à‡∏∞‡πÅ‡∏Å‡πâ‡πÑ‡∏Ç‡∏´‡∏≤‡∏ï‡∏≥‡∏£‡∏ß‡∏à‡πÄ‡∏•‡∏ß‡πÜ ‡∏°‡∏≤‡∏•‡∏á‡πÇ‡∏ó‡∏©,neg
'‡∏ö‡∏¥‡πä‡∏Å‡∏ï‡πà‡∏≤‡∏¢' ‡πÄ‡∏ú‡∏¢ ‡∏£‡∏π‡πâ‡∏™‡∏∂‡∏Å‡πÄ‡∏à‡πá‡∏ö‡∏õ‡∏ß‡∏î ‡∏´‡∏•‡∏±‡∏á ‡∏ï‡∏£.‡∏ñ‡∏π‡∏Å‡πÇ‡∏à‡∏°‡∏ï‡∏µ ‡πÄ‡∏õ‡πá‡∏ô‡∏≠‡∏á‡∏Ñ‡πå‡∏Å‡∏£‡∏≠‡∏≤‡∏ä‡∏ç‡∏≤‡∏Å‡∏£‡∏£‡∏°‡∏Ç‡∏ô‡∏≤‡∏î‡πÉ‡∏´‡∏ç‡πà‡πÉ‡∏ô‡πÑ‡∏ó‡∏¢,‡∏ñ‡πâ‡∏≤‡∏ï.‡∏£‡∏î‡∏µ‡∏°‡∏±‡∏ô‡∏Å‡πá‡πÑ‡∏°‡πà‡πÄ‡∏à‡πá‡∏ö‡∏õ‡∏ß‡∏î‡∏´‡∏£‡∏≠‡∏Å,neg
'‡∏ö‡∏¥‡πä‡∏Å‡∏ï‡πà‡∏≤‡∏¢' ‡πÄ‡∏ú‡∏¢ ‡∏£‡∏π‡πâ‡∏™‡∏∂‡∏Å‡πÄ‡∏à‡πá‡∏ö‡∏õ‡∏ß‡∏î ‡∏´‡∏•‡∏±‡∏á ‡∏ï‡∏£.‡∏ñ‡∏π‡∏Å‡πÇ‡∏à‡∏°‡∏ï‡∏µ ‡πÄ‡∏õ‡πá‡∏ô‡∏≠‡∏á‡∏Ñ‡πå‡∏Å‡∏£‡∏≠‡∏≤‡∏ä‡∏ç‡∏≤‡∏Å‡∏£‡∏£‡∏°‡∏Ç‡∏ô‡∏≤‡∏î‡πÉ‡∏´‡∏ç‡πà‡πÉ‡∏ô‡πÑ‡∏ó‡∏¢,‡∏ñ‡∏≤‡∏°‡πÅ‡∏°‡πà‡∏Ñ‡πâ‡∏≤‡πÉ‡∏ô‡∏ï‡∏•‡∏≤‡∏î‡∏Å‡πá‡∏£‡∏π‡πâüòÇüòÇüòÇ,neu
'‡∏ö‡∏¥‡πä‡∏Å‡∏ï‡πà‡∏≤‡∏¢' ‡πÄ‡∏ú‡∏¢ ‡∏£‡∏π‡πâ‡∏™‡∏∂‡∏Å‡πÄ‡∏à‡πá‡∏ö‡∏õ‡∏ß‡∏î ‡∏´‡∏•‡∏±‡∏á ‡∏ï‡∏£.‡∏ñ‡∏π‡∏Å‡πÇ‡∏à‡∏°‡∏ï‡∏µ ‡πÄ‡∏õ‡πá‡∏ô‡∏≠‡∏á‡∏Ñ‡πå‡∏Å‡∏£‡∏≠‡∏≤‡∏ä‡∏ç‡∏≤‡∏Å‡∏£‡∏£‡∏°‡∏Ç‡∏ô‡∏≤‡∏î‡πÉ‡∏´‡∏ç‡πà‡πÉ‡∏ô‡πÑ‡∏ó‡∏¢,‡πÄ‡∏´‡∏≠‡∏∞,neu
'‡∏ö‡∏¥‡πä‡∏Å‡∏ï‡πà‡∏≤‡∏¢' ‡πÄ‡∏ú‡∏¢ ‡∏£‡∏π‡πâ‡∏™‡∏∂‡∏Å‡πÄ‡∏à‡πá‡∏ö‡∏õ‡∏ß‡∏î ‡∏´‡∏•‡∏±‡∏á ‡∏ï‡∏£.‡∏ñ‡∏π‡∏Å‡πÇ‡∏à‡∏°‡∏ï‡∏µ ‡πÄ‡∏õ‡πá‡∏ô‡∏≠‡∏á‡∏Ñ‡πå‡∏Å‡∏£‡∏≠‡∏≤‡∏ä‡∏ç‡∏≤‡∏Å‡∏£‡∏£‡∏°‡∏Ç‡∏ô‡∏≤‡∏î‡πÉ‡∏´‡∏ç‡πà‡πÉ‡∏ô‡πÑ‡∏ó‡∏¢,‡∏Ñ‡∏ô‡πÉ‡∏ô‡∏≠‡∏á‡∏Ñ‡πå‡∏Å‡∏£‡∏ó‡∏≥‡∏ä‡∏±‡πà‡∏ß‡∏à‡∏∞‡∏õ‡∏Å‡∏õ‡πâ‡∏≠‡∏á‡∏ó‡∏≥‡πÑ‡∏°,q
'‡∏ö‡∏¥‡πä‡∏Å‡∏ï‡πà‡∏≤‡∏¢' ‡πÄ‡∏ú‡∏¢ ‡∏£‡∏π‡πâ‡∏™‡∏∂‡∏Å‡πÄ‡∏à‡πá‡∏ö‡∏õ‡∏ß‡∏î ‡∏´‡∏•‡∏±‡∏á ‡∏ï‡∏£.‡∏ñ‡∏π‡∏Å‡πÇ‡∏à‡∏°‡∏ï‡∏µ ‡πÄ‡∏õ‡πá‡∏ô‡∏≠‡∏á‡∏Ñ‡πå‡∏Å‡∏£‡∏≠‡∏≤‡∏ä‡∏ç‡∏≤‡∏Å‡∏£‡∏£‡∏°‡∏Ç‡∏ô‡∏≤‡∏î‡πÉ‡∏´‡∏ç‡πà‡πÉ‡∏ô‡πÑ‡∏ó‡∏¢,‡∏Å‡πâ‡πÄ‡∏û‡∏£‡∏≤‡∏∞‡∏°‡∏±‡∏ô‡∏°‡∏µ‡πÑ‡∏á‡πÄ‡∏Ç‡∏≤‡πÄ‡∏•‡∏¢‡∏û‡∏∏‡∏î,neu
'‡∏ö‡∏¥‡πä‡∏Å‡∏ï‡πà‡∏≤‡∏¢' ‡πÄ‡∏ú‡∏¢ ‡∏£‡∏π‡πâ‡∏™‡∏∂‡∏Å‡πÄ‡∏à‡πá‡∏ö‡∏õ‡∏ß‡∏î ‡∏´‡∏•‡∏±‡∏á ‡∏ï‡∏£.‡∏ñ‡∏π‡∏Å‡πÇ‡∏à‡∏°‡∏ï‡∏µ ‡πÄ‡∏õ‡πá‡∏ô‡∏≠‡∏á‡∏Ñ‡πå‡∏Å‡∏£‡∏≠‡∏≤‡∏ä‡∏ç‡∏≤‡∏Å‡∏£‡∏£‡∏°‡∏Ç‡∏ô‡∏≤‡∏î‡πÉ‡∏´‡∏ç‡πà‡πÉ‡∏ô‡πÑ‡∏ó‡∏¢,‡πÄ‡∏à‡πá‡∏ö ‡∏õ‡∏ß‡∏î ‡∏≠‡∏∞‡πÑ‡∏£ ‡∏£‡∏ß‡∏¢ ‡πÅ‡∏•‡πâ‡∏ß ‡∏£‡∏ß‡∏¢ ‡∏≠‡∏µ‡∏Å ‡∏Ñ‡∏ô ‡∏ó‡∏µ‡πà ‡πÄ‡∏à‡πá‡∏ö ‡∏õ‡∏ß‡∏î ‡∏Ñ‡∏∑‡∏≠ ‡∏Ñ‡∏ô ‡πÑ‡∏°‡πà ‡∏°‡∏µ ‡∏à‡∏∞ ‡∏Å‡∏¥‡∏ô,neg
'‡∏ö‡∏¥‡πä‡∏Å‡∏ï‡πà‡∏≤‡∏¢' ‡πÄ‡∏ú‡∏¢ ‡∏£‡∏π‡πâ‡∏™‡∏∂‡∏Å‡πÄ‡∏à‡πá‡∏ö‡∏õ‡∏ß‡∏î ‡∏´‡∏•‡∏±‡∏á ‡∏ï‡∏£.‡∏ñ‡∏π‡∏Å‡πÇ‡∏à‡∏°‡∏ï‡∏µ ‡πÄ‡∏õ‡πá‡∏ô‡∏≠‡∏á‡∏Ñ‡πå‡∏Å‡∏£‡∏≠‡∏≤‡∏ä‡∏ç‡∏≤‡∏Å‡∏£‡∏£‡∏°‡∏Ç‡∏ô‡∏≤‡∏î‡πÉ‡∏´‡∏ç‡πà‡πÉ‡∏ô‡πÑ‡∏ó‡∏¢,‡∏õ‡∏£‡∏∞‡∏ä‡∏≤‡∏ä‡∏ô‡πÄ‡∏à‡πá‡∏ö‡∏õ‡∏ß‡∏î‡∏°‡∏≤‡∏Å‡∏Å‡∏ß‡πà‡∏≤‡∏ó‡∏∏‡∏Å‡∏Ñ‡∏ô‡∏ó‡πç‡∏≤‡∏°‡∏≤‡∏´‡∏≤‡∏Å‡∏¥‡∏ô‡πÄ‡∏û‡∏∑‡∏≠‡πÄ‡∏™‡∏µ‡∏¢‡∏†‡∏≤‡∏©‡∏µ‡πÄ‡∏û‡∏∑‡πà‡∏≠‡∏à‡∏∞‡πÑ‡∏î‡πâ‡πÅ‡∏ö‡∏ö‡∏õ‡∏•‡∏≠‡∏î‡∏†‡∏±‡∏¢‡πÅ‡∏ï‡πà‡∏Å‡∏±‡∏ö‡∏ï‡πâ‡∏≠‡∏á‡∏°‡∏≤‡πÄ‡∏à‡∏≠‡∏™‡∏¥‡πà‡∏á‡∏ó‡∏µ‡πà‡πÄ‡∏à‡πâ‡∏≤‡∏´‡∏ô‡πâ‡∏≤‡∏£‡∏±‡∏ê‡∏û‡∏±‡∏ß‡∏û‡∏±‡∏ô‡∏ò‡∏∏‡πå‡∏Å‡∏±‡∏ö‡∏£‡∏±‡∏ö‡∏™‡∏¥‡∏ô‡∏ö‡∏ô‡∏Ñ‡∏£‡∏±‡∏ö,neg
'‡∏ö‡∏¥‡πä‡∏Å‡∏ï‡πà‡∏≤‡∏¢' ‡πÄ‡∏ú‡∏¢ ‡∏£‡∏π‡πâ‡∏™‡∏∂‡∏Å‡πÄ‡∏à‡πá‡∏ö‡∏õ‡∏ß‡∏î ‡∏´‡∏•‡∏±‡∏á ‡∏ï‡∏£.‡∏ñ‡∏π‡∏Å‡πÇ‡∏à‡∏°‡∏ï‡∏µ ‡πÄ‡∏õ‡πá‡∏ô‡∏≠‡∏á‡∏Ñ‡πå‡∏Å‡∏£‡∏≠‡∏≤‡∏ä‡∏ç‡∏≤‡∏Å‡∏£‡∏£‡∏°‡∏Ç‡∏ô‡∏≤‡∏î‡πÉ‡∏´‡∏ç‡πà‡πÉ‡∏ô‡πÑ‡∏ó‡∏¢,‡∏õ‡∏ä‡∏ä ‡πÄ‡∏à‡πá‡∏ö‡∏õ‡∏ß‡∏î‡∏¢‡∏¥‡πà‡∏á‡∏Å‡∏ß‡πà‡∏≤‡∏û‡∏ß‡∏Å‡∏ó‡πà‡∏≤‡∏ô‡∏´‡∏•‡∏≤‡∏¢‡∏£‡πâ‡∏≠‡∏¢‡πÄ‡∏ó‡πà‡∏≤‡∏¢‡∏¥‡πà‡∏á‡∏ô‡∏±‡∏Å ‡πÄ‡∏û‡∏£‡∏≤‡∏∞ ‡∏õ‡∏ä‡∏ä ‡∏Ñ‡∏∑‡∏≠‡∏ú‡∏π‡πâ‡∏ñ‡∏π‡∏Å‡∏Å‡∏£‡∏∞‡∏ó‡∏≥ ‡∏™‡πà‡∏ß‡∏ô‡∏ó‡πà‡∏≤‡∏ô‡πÄ‡∏•‡πà‡∏ô‡∏ï‡∏≤‡∏°‡∏ö‡∏ó ‡∏ï‡∏≤‡∏°‡∏ô‡πâ‡∏≥ ....,neg
'‡∏ö‡∏¥‡πä‡∏Å‡∏ï‡πà‡∏≤‡∏¢' ‡πÄ‡∏ú‡∏¢ ‡∏£‡∏π‡πâ‡∏™‡∏∂‡∏Å‡πÄ‡∏à‡πá‡∏ö‡∏õ‡∏ß‡∏î ‡∏´‡∏•‡∏±‡∏á ‡∏ï‡∏£.‡∏ñ‡∏π‡∏Å‡πÇ‡∏à‡∏°‡∏ï‡∏µ ‡πÄ‡∏õ‡πá‡∏ô‡∏≠‡∏á‡∏Ñ‡πå‡∏Å‡∏£‡∏≠‡∏≤‡∏ä‡∏ç‡∏≤‡∏Å‡∏£‡∏£‡∏°‡∏Ç‡∏ô‡∏≤‡∏î‡πÉ‡∏´‡∏ç‡πà‡πÉ‡∏ô‡πÑ‡∏ó‡∏¢,‡∏Ñ‡∏ß‡∏≤‡∏°‡∏à‡∏£‡∏¥‡∏á ‡∏Ñ‡∏µ‡πà‡∏ô. ‡∏Ñ‡∏ß‡∏≤‡∏°‡∏à‡∏£‡∏¥‡∏á.  ‡∏¢‡∏≠‡∏°‡∏£‡∏±‡∏ö,neu
'‡∏ö‡∏¥‡πä‡∏Å‡∏ï‡πà‡∏≤‡∏¢' ‡πÄ‡∏ú‡∏¢ ‡∏£‡∏π‡πâ‡∏™‡∏∂‡∏Å‡πÄ‡∏à‡πá‡∏ö‡∏õ‡∏ß‡∏î ‡∏´‡∏•‡∏±‡∏á ‡∏ï‡∏£.‡∏ñ‡∏π‡∏Å‡πÇ‡∏à‡∏°‡∏ï‡∏µ ‡πÄ‡∏õ‡πá‡∏ô‡∏≠‡∏á‡∏Ñ‡πå‡∏Å‡∏£‡∏≠‡∏≤‡∏ä‡∏ç‡∏≤‡∏Å‡∏£‡∏£‡∏°‡∏Ç‡∏ô‡∏≤‡∏î‡πÉ‡∏´‡∏ç‡πà‡πÉ‡∏ô‡πÑ‡∏ó‡∏¢,‡∏†‡∏≤‡∏¢‡∏ô‡∏≠‡∏Å‡∏ï‡∏£‡∏á‡πÑ‡∏´‡∏ô‡∏à‡∏£‡∏¥‡∏á‡∏Ñ‡∏ô‡∏ó‡∏µ‡∏ï‡πâ‡∏≠‡∏á‡πÄ‡∏õ‡πá‡∏ô ‡∏ú‡∏ö ‡∏ó‡∏µ‡πÄ‡∏ï‡πá‡∏°‡∏õ‡∏≤‡∏Å‡πÄ‡∏ï‡πá‡∏°‡∏Ñ‡∏≥‡∏ï‡πâ‡∏≠‡∏á‡∏Ñ‡∏ô‡∏†‡∏≤‡∏¢‡∏ô‡∏≠‡∏Å‡∏ô‡∏µ‡πà‡∏•‡∏∞‡πÅ‡∏ï‡πà‡∏Ñ‡∏ô‡∏†‡∏≤‡∏¢‡πÉ‡∏ô‡∏°‡∏±‡∏ô‡∏≠‡∏¢‡∏≤‡∏Å‡πÄ‡∏õ‡πá‡∏ô‡πÑ‡∏á‡πÄ‡∏•‡∏¢‡∏ó‡∏≥‡∏û‡∏µ‡πà‡∏ô‡πâ‡∏≠‡∏á‡∏£‡πà‡∏ß‡∏°‡∏≠‡∏≤‡∏ä‡∏µ‡∏û,neu
'‡∏ö‡∏¥‡πä‡∏Å‡∏ï‡πà‡∏≤‡∏¢' ‡πÄ‡∏ú‡∏¢ ‡∏£‡∏π‡πâ‡∏™‡∏∂‡∏Å‡πÄ‡∏à‡πá‡∏ö‡∏õ‡∏ß‡∏î ‡∏´‡∏•‡∏±‡∏á ‡∏ï‡∏£.‡∏ñ‡∏π‡∏Å‡πÇ‡∏à‡∏°‡∏ï‡∏µ ‡πÄ‡∏õ‡πá‡∏ô‡∏≠‡∏á‡∏Ñ‡πå‡∏Å‡∏£‡∏≠‡∏≤‡∏ä‡∏ç‡∏≤‡∏Å‡∏£‡∏£‡∏°‡∏Ç‡∏ô‡∏≤‡∏î‡πÉ‡∏´‡∏ç‡πà‡πÉ‡∏ô‡πÑ‡∏ó‡∏¢,‡∏à‡∏£‡∏¥‡∏á‡∏°‡∏±‡πâ‡∏¢‡∏•‡πà‡∏∞‡∏´‡∏≤‡∏´‡∏•‡∏±‡∏Å‡∏ê‡∏≤‡∏ô‡∏°‡∏≤‡∏´‡∏±‡∏Å‡∏•‡πâ‡∏≤‡∏á‡∏™‡∏¥,q
'‡∏ö‡∏¥‡πä‡∏Å‡∏ï‡πà‡∏≤‡∏¢' ‡πÄ‡∏ú‡∏¢ ‡∏£‡∏π‡πâ‡∏™‡∏∂‡∏Å‡πÄ‡∏à‡πá‡∏ö‡∏õ‡∏ß‡∏î ‡∏´‡∏•‡∏±‡∏á ‡∏ï‡∏£.‡∏ñ‡∏π‡∏Å‡πÇ‡∏à‡∏°‡∏ï‡∏µ ‡πÄ‡∏õ‡πá‡∏ô‡∏≠‡∏á‡∏Ñ‡πå‡∏Å‡∏£‡∏≠‡∏≤‡∏ä‡∏ç‡∏≤‡∏Å‡∏£‡∏£‡∏°‡∏Ç‡∏ô‡∏≤‡∏î‡πÉ‡∏´‡∏ç‡πà‡πÉ‡∏ô‡πÑ‡∏ó‡∏¢,‡∏¢‡∏≠‡∏°‡∏£‡∏±‡∏ö‡∏Ñ‡∏ß‡∏≤‡∏°‡∏à‡∏£‡∏¥‡∏á‡∏Ñ‡∏±‡∏ö.....‡∏õ‡∏è‡∏¥‡∏£‡∏π‡∏õ‡∏à‡∏£‡∏¥‡∏á ‡πÜ ‡∏à‡∏±‡∏á ‡πÜ ‡πÄ‡∏£‡∏µ‡∏¢‡∏Å‡∏Ñ‡∏ß‡∏≤‡∏°‡πÄ‡∏ä‡∏∑‡πà‡∏≠‡∏°‡∏±‡πà‡∏ô‡∏Ñ‡∏∑‡∏ô...‡πÅ‡∏ñ...‡πÅ‡∏Å‡πâ‡∏ï‡∏±‡∏ß...‡∏°‡∏µ‡πÅ‡∏ï‡πà‡πÄ‡∏™‡∏µ‡∏¢...‡∏´‡∏£‡∏∑‡∏≠‡∏û‡∏ß‡∏Å‡∏ó‡πà‡∏≤‡∏ô‡πÑ‡∏°‡πà‡∏™‡∏ô...‡πÅ‡∏Ñ‡πà..‡πÄ‡∏á‡∏¥‡∏ô ‡∏≠‡∏≥‡∏ô‡∏≤‡∏à ‡∏™‡∏≥‡∏Ñ‡∏±‡∏ç‡∏™‡∏∏‡∏î,neg
'‡∏ö‡∏¥‡πä‡∏Å‡∏ï‡πà‡∏≤‡∏¢' ‡πÄ‡∏ú‡∏¢ ‡∏£‡∏π‡πâ‡∏™‡∏∂‡∏Å‡πÄ‡∏à‡πá‡∏ö‡∏õ‡∏ß‡∏î ‡∏´‡∏•‡∏±‡∏á ‡∏ï‡∏£.‡∏ñ‡∏π‡∏Å‡πÇ‡∏à‡∏°‡∏ï‡∏µ ‡πÄ‡∏õ‡πá‡∏ô‡∏≠‡∏á‡∏Ñ‡πå‡∏Å‡∏£‡∏≠‡∏≤‡∏ä‡∏ç‡∏≤‡∏Å‡∏£‡∏£‡∏°‡∏Ç‡∏ô‡∏≤‡∏î‡πÉ‡∏´‡∏ç‡πà‡πÉ‡∏ô‡πÑ‡∏ó‡∏¢,‡∏Ñ‡∏ô‡∏ñ‡∏∑‡∏≠‡πÅ‡∏•‡∏∞‡πÉ‡∏ä‡πâ‡∏Å‡∏é‡∏´‡∏°‡∏≤‡∏¢‡∏ó‡∏≥‡∏ä‡∏±‡πà‡∏ß‡πÄ‡∏™‡∏µ‡∏¢‡πÄ‡∏≠‡∏á‡∏™‡∏°‡∏Ñ‡∏ß‡∏£‡∏ï‡∏≤‡∏¢,neg
'‡∏ö‡∏¥‡πä‡∏Å‡∏ï‡πà‡∏≤‡∏¢' ‡πÄ‡∏ú‡∏¢ ‡∏£‡∏π‡πâ‡∏™‡∏∂‡∏Å‡πÄ‡∏à‡πá‡∏ö‡∏õ‡∏ß‡∏î ‡∏´‡∏•‡∏±‡∏á ‡∏ï‡∏£.‡∏ñ‡∏π‡∏Å‡πÇ‡∏à‡∏°‡∏ï‡∏µ ‡πÄ‡∏õ‡πá‡∏ô‡∏≠‡∏á‡∏Ñ‡πå‡∏Å‡∏£‡∏≠‡∏≤‡∏ä‡∏ç‡∏≤‡∏Å‡∏£‡∏£‡∏°‡∏Ç‡∏ô‡∏≤‡∏î‡πÉ‡∏´‡∏ç‡πà‡πÉ‡∏ô‡πÑ‡∏ó‡∏¢,‡∏Ñ‡∏ß‡∏≤‡∏°‡πÄ‡∏´‡πá‡∏ô‡πÑ‡∏õ‡πÉ‡∏ô‡∏ó‡∏≤‡∏á‡πÄ‡∏î‡∏µ‡∏¢‡∏ß‡∏Å‡∏±‡∏ô ‡∏≠‡∏≤‡∏ä‡∏µ‡∏û‡πÄ‡∏î‡∏µ‡∏¢‡∏ß‡∏Å‡∏±‡∏ô‡∏¢‡∏±‡∏á‡πÄ‡∏Å‡∏•‡∏µ‡∏¢‡∏î,neg
'‡∏ö‡∏¥‡πä‡∏Å‡∏ï‡πà‡∏≤‡∏¢' ‡πÄ‡∏ú‡∏¢ ‡∏£‡∏π‡πâ‡∏™‡∏∂‡∏Å‡πÄ‡∏à‡πá‡∏ö‡∏õ‡∏ß‡∏î ‡∏´‡∏•‡∏±‡∏á ‡∏ï‡∏£.‡∏ñ‡∏π‡∏Å‡πÇ‡∏à‡∏°‡∏ï‡∏µ ‡πÄ‡∏õ‡πá‡∏ô‡∏≠‡∏á‡∏Ñ‡πå‡∏Å‡∏£‡∏≠‡∏≤‡∏ä‡∏ç‡∏≤‡∏Å‡∏£‡∏£‡∏°‡∏Ç‡∏ô‡∏≤‡∏î‡πÉ‡∏´‡∏ç‡πà‡πÉ‡∏ô‡πÑ‡∏ó‡∏¢,‡∏Å‡πá‡∏ô‡πà‡∏≤‡∏Ç‡∏∞‡πÄ‡∏à‡πá‡∏ö‡∏≠‡∏¢‡∏π‡πà‡∏´‡∏£‡∏≠‡∏Å ‡∏õ‡∏£‡∏∞‡∏ä‡∏≤‡∏ä‡∏ô‡∏£‡∏π‡πâ‡∏°‡∏≤‡∏Å‡πà‡∏≠‡∏ô‡∏ó‡πà‡∏≤‡∏ô‡∏•‡∏∞‡∏°‡∏±‡πà‡∏á,neu
'‡∏ö‡∏¥‡πä‡∏Å‡∏ï‡πà‡∏≤‡∏¢' ‡πÄ‡∏ú‡∏¢ ‡∏£‡∏π‡πâ‡∏™‡∏∂‡∏Å‡πÄ‡∏à‡πá‡∏ö‡∏õ‡∏ß‡∏î ‡∏´‡∏•‡∏±‡∏á ‡∏ï‡∏£.‡∏ñ‡∏π‡∏Å‡πÇ‡∏à‡∏°‡∏ï‡∏µ ‡πÄ‡∏õ‡πá‡∏ô‡∏≠‡∏á‡∏Ñ‡πå‡∏Å‡∏£‡∏≠‡∏≤‡∏ä‡∏ç‡∏≤‡∏Å‡∏£‡∏£‡∏°‡∏Ç‡∏ô‡∏≤‡∏î‡πÉ‡∏´‡∏ç‡πà‡πÉ‡∏ô‡πÑ‡∏ó‡∏¢,‡∏ó‡πà‡∏≤‡∏ô‡πÄ‡∏Å‡πá‡∏ö‡∏Ñ‡∏≥‡∏ß‡πà‡∏≤‡πÄ‡∏à‡πá‡∏ö‡∏õ‡∏ß‡∏î‡πÄ‡∏õ‡∏•‡∏µ‡πà‡∏¢‡∏ô‡∏°‡∏≤‡πÄ‡∏õ‡πá‡∏ô‡∏£‡πà‡∏ß‡∏°‡∏°‡∏∑‡∏≠‡∏Å‡∏±‡∏ö‡∏ö‡∏¥‡πâ‡∏Å‡πÇ‡∏à‡πâ‡∏Å‡πÉ‡∏´‡πâ‡∏ï‡∏£‡∏ß‡∏à‡∏™‡∏≠‡∏ö‡∏à‡∏∞‡πÜ‡∏î‡πÄ‡πÉ‡∏´‡πâ‡πÄ‡∏Ç‡∏≤‡πÄ‡∏´‡πá‡∏ô‡∏Ñ‡∏ß‡∏≤‡∏°‡∏à‡∏£‡∏¥‡∏á‡∏™‡∏¥‡∏ß‡πà‡∏≤‡πÑ‡∏°‡πà‡πÉ‡∏ä‡πà,neu
'‡∏ö‡∏¥‡πä‡∏Å‡∏ï‡πà‡∏≤‡∏¢' ‡πÄ‡∏ú‡∏¢ ‡∏£‡∏π‡πâ‡∏™‡∏∂‡∏Å‡πÄ‡∏à‡πá‡∏ö‡∏õ‡∏ß‡∏î ‡∏´‡∏•‡∏±‡∏á ‡∏ï‡∏£.‡∏ñ‡∏π‡∏Å‡πÇ‡∏à‡∏°‡∏ï‡∏µ ‡πÄ‡∏õ‡πá‡∏ô‡∏≠‡∏á‡∏Ñ‡πå‡∏Å‡∏£‡∏≠‡∏≤‡∏ä‡∏ç‡∏≤‡∏Å‡∏£‡∏£‡∏°‡∏Ç‡∏ô‡∏≤‡∏î‡πÉ‡∏´‡∏ç‡πà‡πÉ‡∏ô‡πÑ‡∏ó‡∏¢,‡∏°‡πà‡πÉ‡∏ä‡πâ‡∏Å‡∏è‡∏´‡∏°‡∏≤‡∏¢‡πÉ‡∏ô‡∏°‡∏∑‡∏≠‡∏°‡∏≤‡∏ó‡∏≥ ‡∏°‡πà‡∏ï‡πâ‡∏≠‡∏á‡πÄ‡∏à‡πâ‡∏ö‡∏õ‡∏ß‡∏î,neu
'‡∏ö‡∏¥‡πä‡∏Å‡∏ï‡πà‡∏≤‡∏¢' ‡πÄ‡∏ú‡∏¢ ‡∏£‡∏π‡πâ‡∏™‡∏∂‡∏Å‡πÄ‡∏à‡πá‡∏ö‡∏õ‡∏ß‡∏î ‡∏´‡∏•‡∏±‡∏á ‡∏ï‡∏£.‡∏ñ‡∏π‡∏Å‡πÇ‡∏à‡∏°‡∏ï‡∏µ ‡πÄ‡∏õ‡πá‡∏ô‡∏≠‡∏á‡∏Ñ‡πå‡∏Å‡∏£‡∏≠‡∏≤‡∏ä‡∏ç‡∏≤‡∏Å‡∏£‡∏£‡∏°‡∏Ç‡∏ô‡∏≤‡∏î‡πÉ‡∏´‡∏ç‡πà‡πÉ‡∏ô‡πÑ‡∏ó‡∏¢,‡∏Ñ‡∏ô‡∏à‡∏ô‡∏ï‡∏¥‡∏î‡∏Ñ‡∏∏‡∏Å‡∏Ñ‡∏ô‡∏£‡∏ß‡∏¢‡∏£‡∏≠‡∏î‡∏Ñ‡∏∏‡∏Å,neg
'‡∏ö‡∏¥‡πä‡∏Å‡∏ï‡πà‡∏≤‡∏¢' ‡πÄ‡∏ú‡∏¢ ‡∏£‡∏π‡πâ‡∏™‡∏∂‡∏Å‡πÄ‡∏à‡πá‡∏ö‡∏õ‡∏ß‡∏î ‡∏´‡∏•‡∏±‡∏á ‡∏ï‡∏£.‡∏ñ‡∏π‡∏Å‡πÇ‡∏à‡∏°‡∏ï‡∏µ ‡πÄ‡∏õ‡πá‡∏ô‡∏≠‡∏á‡∏Ñ‡πå‡∏Å‡∏£‡∏≠‡∏≤‡∏ä‡∏ç‡∏≤‡∏Å‡∏£‡∏£‡∏°‡∏Ç‡∏ô‡∏≤‡∏î‡πÉ‡∏´‡∏ç‡πà‡πÉ‡∏ô‡πÑ‡∏ó‡∏¢,‡∏ñ‡πâ‡∏≤‡∏ó‡∏µ‡πà‡πÄ‡∏Ç‡∏≤‡∏û‡∏π‡∏î‡∏°‡∏±‡∏ô‡πÄ‡∏õ‡πá‡∏ô‡πÄ‡∏£‡∏∑‡πà‡∏≠‡∏á‡∏à‡∏£‡∏¥‡∏á‡∏°‡∏∂‡∏á‡∏Ñ‡∏ß‡∏£‡πÅ‡∏Å‡πâ‡πÑ‡∏Ç‡∏õ‡∏£‡∏±‡∏ö‡∏õ‡∏£‡∏∏‡∏á‡πÑ‡∏°‡πà‡πÉ‡∏ä‡πà‡∏Ñ‡∏¥‡∏î‡πÅ‡∏Å‡πâ‡πÅ‡∏Ñ‡πâ‡∏ô‡πÅ‡∏Å‡πâ‡∏ï‡πà‡∏≤‡∏á,neg
'‡∏ö‡∏¥‡πä‡∏Å‡∏ï‡πà‡∏≤‡∏¢' ‡πÄ‡∏ú‡∏¢ ‡∏£‡∏π‡πâ‡∏™‡∏∂‡∏Å‡πÄ‡∏à‡πá‡∏ö‡∏õ‡∏ß‡∏î ‡∏´‡∏•‡∏±‡∏á ‡∏ï‡∏£.‡∏ñ‡∏π‡∏Å‡πÇ‡∏à‡∏°‡∏ï‡∏µ ‡πÄ‡∏õ‡πá‡∏ô‡∏≠‡∏á‡∏Ñ‡πå‡∏Å‡∏£‡∏≠‡∏≤‡∏ä‡∏ç‡∏≤‡∏Å‡∏£‡∏£‡∏°‡∏Ç‡∏ô‡∏≤‡∏î‡πÉ‡∏´‡∏ç‡πà‡πÉ‡∏ô‡πÑ‡∏ó‡∏¢,‡∏ó‡∏≥‡∏ï‡∏≥‡∏£‡∏ß‡∏à‡∏î‡∏µ‡πÜ‡πÄ‡∏™‡∏µ‡∏¢‡∏ä‡∏∑‡πà‡∏≠‡πÑ‡∏õ‡∏î‡πâ‡∏ß‡∏¢,neg
'‡∏ö‡∏¥‡πä‡∏Å‡∏ï‡πà‡∏≤‡∏¢' ‡πÄ‡∏ú‡∏¢ ‡∏£‡∏π‡πâ‡∏™‡∏∂‡∏Å‡πÄ‡∏à‡πá‡∏ö‡∏õ‡∏ß‡∏î ‡∏´‡∏•‡∏±‡∏á ‡∏ï‡∏£.‡∏ñ‡∏π‡∏Å‡πÇ‡∏à‡∏°‡∏ï‡∏µ ‡πÄ‡∏õ‡πá‡∏ô‡∏≠‡∏á‡∏Ñ‡πå‡∏Å‡∏£‡∏≠‡∏≤‡∏ä‡∏ç‡∏≤‡∏Å‡∏£‡∏£‡∏°‡∏Ç‡∏ô‡∏≤‡∏î‡πÉ‡∏´‡∏ç‡πà‡πÉ‡∏ô‡πÑ‡∏ó‡∏¢,‡∏≠‡∏∏‡∏ï‡∏™‡∏≤‡∏´‡∏Å‡∏£‡∏£‡∏°,neu
'‡∏ö‡∏¥‡πä‡∏Å‡∏ï‡πà‡∏≤‡∏¢' ‡πÄ‡∏ú‡∏¢ ‡∏£‡∏π‡πâ‡∏™‡∏∂‡∏Å‡πÄ‡∏à‡πá‡∏ö‡∏õ‡∏ß‡∏î ‡∏´‡∏•‡∏±‡∏á ‡∏ï‡∏£.‡∏ñ‡∏π‡∏Å‡πÇ‡∏à‡∏°‡∏ï‡∏µ ‡πÄ‡∏õ‡πá‡∏ô‡∏≠‡∏á‡∏Ñ‡πå‡∏Å‡∏£‡∏≠‡∏≤‡∏ä‡∏ç‡∏≤‡∏Å‡∏£‡∏£‡∏°‡∏Ç‡∏ô‡∏≤‡∏î‡πÉ‡∏´‡∏ç‡πà‡πÉ‡∏ô‡πÑ‡∏ó‡∏¢,‡∏ä‡∏≤‡∏ß‡∏ö‡πâ‡∏≤‡∏ô‡∏Å‡πá‡πÄ‡∏à‡πá‡∏ö‡∏õ‡∏ß‡∏î‡∏Å‡∏±‡∏ö‡∏Å‡∏≤‡∏£‡∏Å‡∏£‡∏∞‡∏ó‡∏≥‡∏Ç‡∏≠‡∏á‡∏ï‡∏≥‡∏£‡∏ß‡∏à‡∏ö‡∏≤‡∏á‡∏Ñ‡∏ô‡∏°‡∏≤‡∏ô‡∏≤‡∏ô‡πÅ‡∏•‡πâ‡∏ß‡∏Ñ‡πà‡∏∞‡∏ó‡πà‡∏≤‡∏ô,neg
'‡∏ö‡∏¥‡πä‡∏Å‡∏ï‡πà‡∏≤‡∏¢' ‡πÄ‡∏ú‡∏¢ ‡∏£‡∏π‡πâ‡∏™‡∏∂‡∏Å‡πÄ‡∏à‡πá‡∏ö‡∏õ‡∏ß‡∏î ‡∏´‡∏•‡∏±‡∏á ‡∏ï‡∏£.‡∏ñ‡∏π‡∏Å‡πÇ‡∏à‡∏°‡∏ï‡∏µ ‡πÄ‡∏õ‡πá‡∏ô‡∏≠‡∏á‡∏Ñ‡πå‡∏Å‡∏£‡∏≠‡∏≤‡∏ä‡∏ç‡∏≤‡∏Å‡∏£‡∏£‡∏°‡∏Ç‡∏ô‡∏≤‡∏î‡πÉ‡∏´‡∏ç‡πà‡πÉ‡∏ô‡πÑ‡∏ó‡∏¢,‡∏™‡∏á‡∏™‡∏±‡∏¢ ‡∏Ñ‡∏á‡πÑ‡∏°‡πà‡πÄ‡∏Ç‡πâ‡∏≤‡πÉ‡∏à‡∏Ñ‡∏ß‡∏≤‡∏°‡∏´‡∏°‡∏≤‡∏¢‡∏Ç‡∏≠‡∏á ‡∏ï‡∏±‡∏ß‡πÄ‡∏•‡∏Ç 93 ü§£ü§£ü§£,q
'‡∏ö‡∏¥‡πä‡∏Å‡∏ï‡πà‡∏≤‡∏¢' ‡πÄ‡∏ú‡∏¢ ‡∏£‡∏π‡πâ‡∏™‡∏∂‡∏Å‡πÄ‡∏à‡πá‡∏ö‡∏õ‡∏ß‡∏î ‡∏´‡∏•‡∏±‡∏á ‡∏ï‡∏£.‡∏ñ‡∏π‡∏Å‡πÇ‡∏à‡∏°‡∏ï‡∏µ ‡πÄ‡∏õ‡πá‡∏ô‡∏≠‡∏á‡∏Ñ‡πå‡∏Å‡∏£‡∏≠‡∏≤‡∏ä‡∏ç‡∏≤‡∏Å‡∏£‡∏£‡∏°‡∏Ç‡∏ô‡∏≤‡∏î‡πÉ‡∏´‡∏ç‡πà‡πÉ‡∏ô‡πÑ‡∏ó‡∏¢,‡∏ó‡∏≥‡πÑ‡∏°‡∏ó‡πà‡∏≤‡∏ô‡πÑ‡∏°‡πà‡πÑ‡∏•‡πà‡∏≠‡∏≠‡∏Å‡∏ï‡∏≥‡∏£‡∏ß‡∏à‡∏ó‡∏µ‡πà ‡∏Å‡∏£ ‡∏ï‡∏£‡∏ä‡∏µ‡πâ‡∏°‡∏π‡∏•‡∏ß‡πà‡∏≤‡∏ú‡∏¥‡∏î ‡∏ó‡∏≥‡πÉ‡∏´‡πâ ‡∏õ‡∏ä‡∏ä ‡πÄ‡∏´‡πá‡∏ô‡∏Ñ‡∏£‡∏±‡∏ö,q
'‡∏ö‡∏¥‡πä‡∏Å‡∏ï‡πà‡∏≤‡∏¢' ‡πÄ‡∏ú‡∏¢ ‡∏£‡∏π‡πâ‡∏™‡∏∂‡∏Å‡πÄ‡∏à‡πá‡∏ö‡∏õ‡∏ß‡∏î ‡∏´‡∏•‡∏±‡∏á ‡∏ï‡∏£.‡∏ñ‡∏π‡∏Å‡πÇ‡∏à‡∏°‡∏ï‡∏µ ‡πÄ‡∏õ‡πá‡∏ô‡∏≠‡∏á‡∏Ñ‡πå‡∏Å‡∏£‡∏≠‡∏≤‡∏ä‡∏ç‡∏≤‡∏Å‡∏£‡∏£‡∏°‡∏Ç‡∏ô‡∏≤‡∏î‡πÉ‡∏´‡∏ç‡πà‡πÉ‡∏ô‡πÑ‡∏ó‡∏¢,‡∏õ‡∏£‡∏±‡∏ö‡πÅ‡∏ú‡∏ô‡∏á‡∏≤‡∏ô‡∏™‡∏¥‡∏Ñ‡∏£‡∏±‡∏ö ‡∏Ñ‡∏ô‡∏à‡∏ô‡πÜ‡πÅ‡∏à‡πâ‡∏á‡∏Ñ‡∏ß‡∏≤‡∏°‡∏Å‡πá‡∏ä‡πà‡∏ß‡∏¢‡πÄ‡∏Ç‡∏≤‡∏ö‡πâ‡∏≤‡∏á  ‡∏°‡∏±‡∏ô‡πÑ‡∏°‡πà‡πÅ‡∏õ‡∏•‡∏Å‡∏ó‡∏µ‡πà‡πÄ‡∏Ç‡∏≤‡∏à‡∏∞‡∏Ñ‡∏¥‡∏î(‡∏û‡∏π‡∏î‡πÅ‡∏Ñ‡πà‡∏û‡∏∑‡πâ‡∏ô‡∏ê‡∏≤‡∏ô)‡πÄ‡∏Ç‡∏≤‡∏Å‡∏•‡πâ‡∏≤‡πÄ‡∏õ‡∏¥‡∏î‡πÅ‡∏™‡∏î‡∏á‡∏ß‡πà‡∏≤‡πÄ‡∏Ç‡∏≤‡∏°‡∏µ‡∏´‡∏•‡∏±‡∏Å‡∏ê‡∏≤‡∏ô‡∏£‡∏∂‡πÄ‡∏õ‡∏•‡πà‡∏≤,neu
'‡∏ö‡∏¥‡πä‡∏Å‡∏ï‡πà‡∏≤‡∏¢' ‡πÄ‡∏ú‡∏¢ ‡∏£‡∏π‡πâ‡∏™‡∏∂‡∏Å‡πÄ‡∏à‡πá‡∏ö‡∏õ‡∏ß‡∏î ‡∏´‡∏•‡∏±‡∏á ‡∏ï‡∏£.‡∏ñ‡∏π‡∏Å‡πÇ‡∏à‡∏°‡∏ï‡∏µ ‡πÄ‡∏õ‡πá‡∏ô‡∏≠‡∏á‡∏Ñ‡πå‡∏Å‡∏£‡∏≠‡∏≤‡∏ä‡∏ç‡∏≤‡∏Å‡∏£‡∏£‡∏°‡∏Ç‡∏ô‡∏≤‡∏î‡πÉ‡∏´‡∏ç‡πà‡πÉ‡∏ô‡πÑ‡∏ó‡∏¢,‡∏ú‡∏°‡∏Å‡πá‡πÄ‡∏à‡πá‡∏ö‡∏õ‡∏ß‡∏î‡πÅ‡∏ó‡∏ô‡∏ó‡πà‡∏≤‡∏ô‡∏ô‡∏∞‡πÄ‡∏û‡∏£‡∏≤‡∏∞‡πÑ‡∏°‡πà‡πÑ‡∏î‡πâ‡πÄ‡∏õ‡πá‡∏ô‡∏ó‡∏±‡πâ‡∏á‡∏´‡∏°‡∏î‡πÅ‡∏Ñ‡πà‡πÄ‡∏õ‡πá‡∏ô‡∏°‡∏≤‡∏Å‡∏Å‡∏ß‡πà‡∏≤‡∏Ñ‡∏£‡∏∂‡πà‡∏á‡∏ô‡∏∞,neu
'‡∏ö‡∏¥‡πä‡∏Å‡∏ï‡πà‡∏≤‡∏¢' ‡πÄ‡∏ú‡∏¢ ‡∏£‡∏π‡πâ‡∏™‡∏∂‡∏Å‡πÄ‡∏à‡πá‡∏ö‡∏õ‡∏ß‡∏î ‡∏´‡∏•‡∏±‡∏á ‡∏ï‡∏£.‡∏ñ‡∏π‡∏Å‡πÇ‡∏à‡∏°‡∏ï‡∏µ ‡πÄ‡∏õ‡πá‡∏ô‡∏≠‡∏á‡∏Ñ‡πå‡∏Å‡∏£‡∏≠‡∏≤‡∏ä‡∏ç‡∏≤‡∏Å‡∏£‡∏£‡∏°‡∏Ç‡∏ô‡∏≤‡∏î‡πÉ‡∏´‡∏ç‡πà‡πÉ‡∏ô‡πÑ‡∏ó‡∏¢,‡∏Å‡πá‡∏™‡πà‡∏ß‡∏ô‡πÉ‡∏´‡∏ç‡πà‡∏°‡∏±‡∏ô‡πÄ‡∏£‡∏∑‡πà‡∏≠‡∏á‡∏à‡∏£‡∏¥‡∏á ‡∏ï‡∏≥‡∏£‡∏ß‡∏à‡∏î‡∏µ‡πÜ‡∏´‡∏≤‡∏¢‡∏≤‡∏Å‡∏Ñ‡πà‡∏∞,neu
'‡∏ö‡∏¥‡πä‡∏Å‡∏ï‡πà‡∏≤‡∏¢' ‡πÄ‡∏ú‡∏¢ ‡∏£‡∏π‡πâ‡∏™‡∏∂‡∏Å‡πÄ‡∏à‡πá‡∏ö‡∏õ‡∏ß‡∏î ‡∏´‡∏•‡∏±‡∏á ‡∏ï‡∏£.‡∏ñ‡∏π‡∏Å‡πÇ‡∏à‡∏°‡∏ï‡∏µ ‡πÄ‡∏õ‡πá‡∏ô‡∏≠‡∏á‡∏Ñ‡πå‡∏Å‡∏£‡∏≠‡∏≤‡∏ä‡∏ç‡∏≤‡∏Å‡∏£‡∏£‡∏°‡∏Ç‡∏ô‡∏≤‡∏î‡πÉ‡∏´‡∏ç‡πà‡πÉ‡∏ô‡πÑ‡∏ó‡∏¢,‡∏ñ‡πâ‡∏≤‡∏°‡∏±‡∏ô‡πÄ‡∏õ‡πá‡∏ô‡πÄ‡∏£‡∏∑‡πà‡∏≠‡∏á‡∏à‡∏£‡∏¥‡∏á‡∏õ‡∏£‡∏∞‡∏ä‡∏≤‡∏ä‡∏ô‡∏¢‡∏¥‡πà‡∏á‡πÄ‡∏à‡πá‡∏ö‡∏õ‡∏ß‡∏î‡∏ñ‡πâ‡∏≤‡∏ú‡∏¥‡∏î‡∏à‡∏£‡∏¥‡∏á‡∏Ñ‡∏ß‡∏£‡∏ó‡∏≥‡∏ï‡∏≤‡∏°‡∏Å‡∏é‡∏´‡∏°‡∏≤‡∏¢‡∏ô‡∏∞,neu
'‡∏ö‡∏¥‡πä‡∏Å‡∏ï‡πà‡∏≤‡∏¢' ‡πÄ‡∏ú‡∏¢ ‡∏£‡∏π‡πâ‡∏™‡∏∂‡∏Å‡πÄ‡∏à‡πá‡∏ö‡∏õ‡∏ß‡∏î ‡∏´‡∏•‡∏±‡∏á ‡∏ï‡∏£.‡∏ñ‡∏π‡∏Å‡πÇ‡∏à‡∏°‡∏ï‡∏µ ‡πÄ‡∏õ‡πá‡∏ô‡∏≠‡∏á‡∏Ñ‡πå‡∏Å‡∏£‡∏≠‡∏≤‡∏ä‡∏ç‡∏≤‡∏Å‡∏£‡∏£‡∏°‡∏Ç‡∏ô‡∏≤‡∏î‡πÉ‡∏´‡∏ç‡πà‡πÉ‡∏ô‡πÑ‡∏ó‡∏¢,‡∏£‡∏±‡∏ö‡πÑ‡∏°‡πà‡πÑ‡∏î‡πâ‡∏≠‡∏∞‡πÑ‡∏£‡∏Ñ‡πà‡∏∞ ‡∏£‡∏π‡πâ‡πÜ‡πÜ‡∏Å‡∏±‡∏ô‡∏≠‡∏¢‡∏π‡πà,neg
'‡∏ö‡∏¥‡πä‡∏Å‡∏ï‡πà‡∏≤‡∏¢' ‡πÄ‡∏ú‡∏¢ ‡∏£‡∏π‡πâ‡∏™‡∏∂‡∏Å‡πÄ‡∏à‡πá‡∏ö‡∏õ‡∏ß‡∏î ‡∏´‡∏•‡∏±‡∏á ‡∏ï‡∏£.‡∏ñ‡∏π‡∏Å‡πÇ‡∏à‡∏°‡∏ï‡∏µ ‡πÄ‡∏õ‡πá‡∏ô‡∏≠‡∏á‡∏Ñ‡πå‡∏Å‡∏£‡∏≠‡∏≤‡∏ä‡∏ç‡∏≤‡∏Å‡∏£‡∏£‡∏°‡∏Ç‡∏ô‡∏≤‡∏î‡πÉ‡∏´‡∏ç‡πà‡πÉ‡∏ô‡πÑ‡∏ó‡∏¢,‡∏ñ‡πâ‡∏≤‡∏ó‡∏≥‡∏î‡∏µ‡πÅ‡∏•‡πâ‡∏ß‡∏ó‡∏≥‡∏ï‡πà‡∏≠‡πÑ‡∏õ‡∏Ñ‡∏£‡∏±‡∏ö‡∏ñ‡πâ‡∏≤‡∏ó‡∏≥‡πÑ‡∏°‡πà‡∏î‡∏µ‡∏ß‡πà‡∏≤‡∏Å‡∏±‡∏ô‡∏î‡πâ‡∏ß‡∏¢‡∏´‡∏•‡∏±‡∏Å‡∏ê‡∏≤‡∏ô‡∏Ç‡πâ‡∏≠‡πÄ‡∏ó‡πá‡∏à‡∏à‡∏£‡∏¥‡∏á‡∏Ñ‡∏£‡∏±‡∏ö‡∏°‡∏µ‡∏Ç‡πà‡∏≤‡∏ß‡πÅ‡∏ö‡∏ö‡∏ô‡∏∂‡πâ‡∏î‡∏µ‡πÅ‡∏•‡πâ‡∏ß‡∏Ñ‡∏£‡∏±‡∏ö‡∏õ‡∏£‡∏∞‡∏ä‡∏≤‡∏ä‡∏ô‡∏à‡∏∞‡πÑ‡∏î‡πâ‡∏£‡∏±‡∏ö‡∏£‡∏π‡πâ‡∏î‡πâ‡∏ß‡∏¢‡πÄ‡∏û‡∏£‡∏≤‡∏∞‡πÄ‡∏á‡∏¥‡∏ô‡∏†‡∏≤‡∏©‡∏µ‡πÄ‡∏Ç‡∏≤‡∏û‡∏ß‡∏Å‡∏Ñ‡∏∏‡∏ì‡πÄ‡∏≠‡∏≤‡πÑ‡∏õ‡πÄ‡∏õ‡πá‡∏ô‡πÄ‡∏á‡∏¥‡∏ô‡πÄ‡∏î‡∏∑‡∏≠‡∏ô‡∏Ñ‡∏£‡∏±‡∏ö‡∏ô‡∏≤‡∏¢,pos
'‡∏ö‡∏¥‡πä‡∏Å‡∏ï‡πà‡∏≤‡∏¢' ‡πÄ‡∏ú‡∏¢ ‡∏£‡∏π‡πâ‡∏™‡∏∂‡∏Å‡πÄ‡∏à‡πá‡∏ö‡∏õ‡∏ß‡∏î ‡∏´‡∏•‡∏±‡∏á ‡∏ï‡∏£.‡∏ñ‡∏π‡∏Å‡πÇ‡∏à‡∏°‡∏ï‡∏µ ‡πÄ‡∏õ‡πá‡∏ô‡∏≠‡∏á‡∏Ñ‡πå‡∏Å‡∏£‡∏≠‡∏≤‡∏ä‡∏ç‡∏≤‡∏Å‡∏£‡∏£‡∏°‡∏Ç‡∏ô‡∏≤‡∏î‡πÉ‡∏´‡∏ç‡πà‡πÉ‡∏ô‡πÑ‡∏ó‡∏¢,‡∏ï‡∏≥‡∏£‡∏ß‡∏à‡∏î‡∏µ‡∏Å‡πá‡∏°‡∏µ‡πÅ‡∏ï‡πà‡∏ô‡πâ‡∏≠‡∏¢‡∏Å‡∏ß‡πà‡∏≤‡∏ï‡∏≥‡∏£‡∏ß‡∏à‡πÄ‡∏•‡∏ß,neg
'‡∏ö‡∏¥‡πä‡∏Å‡∏ï‡πà‡∏≤‡∏¢' ‡πÄ‡∏ú‡∏¢ ‡∏£‡∏π‡πâ‡∏™‡∏∂‡∏Å‡πÄ‡∏à‡πá‡∏ö‡∏õ‡∏ß‡∏î ‡∏´‡∏•‡∏±‡∏á ‡∏ï‡∏£.‡∏ñ‡∏π‡∏Å‡πÇ‡∏à‡∏°‡∏ï‡∏µ ‡πÄ‡∏õ‡πá‡∏ô‡∏≠‡∏á‡∏Ñ‡πå‡∏Å‡∏£‡∏≠‡∏≤‡∏ä‡∏ç‡∏≤‡∏Å‡∏£‡∏£‡∏°‡∏Ç‡∏ô‡∏≤‡∏î‡πÉ‡∏´‡∏ç‡πà‡πÉ‡∏ô‡πÑ‡∏ó‡∏¢,‡∏°‡∏±‡∏ô‡∏à‡∏£‡∏¥‡∏á,neu
'‡∏ö‡∏¥‡πä‡∏Å‡∏ï‡πà‡∏≤‡∏¢' ‡πÄ‡∏ú‡∏¢ ‡∏£‡∏π‡πâ‡∏™‡∏∂‡∏Å‡πÄ‡∏à‡πá‡∏ö‡∏õ‡∏ß‡∏î ‡∏´‡∏•‡∏±‡∏á ‡∏ï‡∏£.‡∏ñ‡∏π‡∏Å‡πÇ‡∏à‡∏°‡∏ï‡∏µ ‡πÄ‡∏õ‡πá‡∏ô‡∏≠‡∏á‡∏Ñ‡πå‡∏Å‡∏£‡∏≠‡∏≤‡∏ä‡∏ç‡∏≤‡∏Å‡∏£‡∏£‡∏°‡∏Ç‡∏ô‡∏≤‡∏î‡πÉ‡∏´‡∏ç‡πà‡πÉ‡∏ô‡πÑ‡∏ó‡∏¢,‡∏Ñ‡∏ß‡∏≤‡∏°‡πÄ‡∏à‡πá‡∏ö‡∏õ‡∏ß‡∏î‡∏°‡∏±‡∏ô‡∏°‡∏≤‡∏Å‡∏Å‡∏ß‡πà‡∏≤‡∏Ñ‡∏ß‡∏≤‡∏°‡∏≠‡∏±‡∏ö‡∏≠‡∏≤‡∏¢‡∏´‡∏£‡∏∑‡∏≠‡∏Ñ‡∏£‡∏±‡∏ö ‡∏ó‡πà‡∏≤‡∏ô‡∏ñ‡∏∂‡∏á‡πÑ‡∏î‡πâ‡πÅ‡∏ï‡πà‡∏ö‡πà‡∏ô‡∏ß‡πà‡∏≤‡∏ó‡πà‡∏≤‡∏ô‡πÄ‡∏à‡πá‡∏ö‡∏õ‡∏ß‡∏î ‡∏ô‡∏∂‡∏Å‡∏ñ‡∏∂‡∏á‡∏ó‡πà‡∏≤‡∏ô‡∏®‡∏£‡∏µ‡∏°‡∏±‡πä‡∏¢..‡πÄ‡∏≠‡πä‡∏¢‡∏ó‡πà‡∏≤‡∏ô‡∏®‡∏£‡∏µ‡∏õ‡∏£‡∏≤‡∏ä‡∏ç‡πå ‡∏ô‡∏∞‡∏Ñ‡∏£‡∏±‡∏ö ‡∏ó‡∏µ‡πà‡∏ß‡πà‡∏≤ ‡∏î‡∏≤‡∏ö‡∏ô‡∏±‡πâ‡∏ô ‡∏Ñ‡∏∑‡∏ô‡∏™‡∏ô‡∏≠‡∏á.,neu
